Timestamp,CPU Usage (%),RAM Usage (MB),GPU Usage (%),GPU Memory (MB),Loss
9.5367431640625e-07,4.7,17947.13671875,0,0,0
1.0022053718566895,10.5,18061.890625,0,0,0
2.004972457885742,4.5,18173.32421875,0,0,0
3.007904529571533,2.9,18271.35546875,0,0,0
4.010059356689453,3.2,18316.55859375,0,0,0
5.01323676109314,3.6,18316.8984375,0,0,0
6.0163795948028564,3.5,18316.66796875,0,0,0
7.019188642501831,3.7,18318.6015625,0,0,0
8.022424221038818,2.7,18319.328125,0,0,0
9.025599002838135,3.6,18324.28125,0,0,0
10.028782606124878,3.4,18322.74609375,0,0,0
11.0318603515625,3.5,18325.234375,0,0,0
12.03500509262085,3.3,18331.55859375,0,0,0
13.038347005844116,4.3,18333.9296875,0,0,0
14.041793584823608,3.3,18331.75,0,0,0
15.044914484024048,11.6,18312.67578125,0,0,0
16.048752784729004,4.5,18321.234375,0,0,0
17.05160117149353,2.1,18320.60546875,0,0,0
18.0568950176239,3.8,18320.34375,0,0,0
19.060815811157227,2.2,18327.390625,0,0,0
20.063737630844116,3.4,18329.3046875,0,0,0
21.067717790603638,3.1,18333.14453125,0,0,0
22.07065224647522,5.3,18343.65625,0,0,0
23.07425856590271,2.2,18343.4765625,0,0,0
24.077070951461792,3.0,18350.3828125,0,0,0
25.080259084701538,2.7,18349.48046875,0,0,0
26.083189964294434,3.1,18348.3046875,0,0,0
27.086307764053345,2.9,18346.7578125,0,0,0
28.089123010635376,1.9,18348.4296875,0,0,0
29.09231162071228,3.7,18341.62109375,0,0,0
30.09529423713684,4.8,18327.21484375,0,0,0
31.0985324382782,4.1,18329.046875,0,0,0
32.10225749015808,2.3,18328.5,0,0,0
33.1049861907959,4.0,18327.32421875,0,0,0
34.10787749290466,2.7,18329.1796875,0,0,0
35.110830783843994,3.2,18328.76171875,0,0,0
36.11413550376892,2.1,18328.6171875,0,0,0
37.189237117767334,5.1,18560.03125,0,0,0
38.192171812057495,13.3,18312.4765625,0,0,0
39.19517755508423,4.0,18408.265625,0,0,0
40.1985878944397,2.9,18410.39453125,0,0,0
41.20146036148071,4.2,18423.10546875,0,0,0
42.205822229385376,1.6,18424.765625,0,0,0
43.20898795127869,1.9,18424.84765625,0,0,0
44.212451457977295,1.6,18427.7265625,0,0,0
45.21570801734924,2.4,18430.265625,0,0,0
46.219205379486084,1.6,18429.25,0,0,0
47.22246789932251,1.2,18434.44140625,0,0,0
48.22571349143982,2.0,18428.16796875,0,0,0
49.22898602485657,1.6,18430.1875,0,0,0
50.2323956489563,1.7,18433.96875,0,0,0
51.235891580581665,1.8,18441.71484375,0,0,0
52.239153146743774,2.0,18442.13671875,0,0,0
53.24280381202698,1.9,18440.99609375,0,0,0
54.24599647521973,1.9,18437.49609375,0,0,0
55.24898600578308,2.0,18438.6875,0,0,0
56.252487897872925,2.0,18440.44140625,0,0,0
57.256139516830444,1.6,18440.546875,0,0,0
58.25947046279907,1.7,18435.28125,0,0,0
59.26279807090759,1.8,18436.27734375,0,0,0
60.26630353927612,2.1,18435.546875,0,0,0
61.270020484924316,1.7,18436.59765625,0,0,0
62.27374005317688,1.9,18437.9765625,0,0,0
63.27699589729309,1.7,18441.96484375,0,0,0
64.28047013282776,1.6,18442.015625,0,0,0
65.28388476371765,1.9,18442.796875,0,0,0
66.2872142791748,1.8,18441.74609375,0,0,0
67.29069471359253,1.7,18445.49609375,0,0,0
68.29405498504639,1.7,18448.12109375,0,0,0
69.29782772064209,1.8,18444.421875,0,0,0
70.30133056640625,1.9,18439.34375,0,0,0
71.30486845970154,1.9,18438.5234375,0,0,0
72.30850601196289,2.0,18439.18359375,0,0,0
73.31184840202332,1.6,18440.78515625,0,0,0
74.31535220146179,1.6,18442.01171875,0,0,0
75.31882691383362,2.1,18443.5,0,0,0
76.32231640815735,2.0,18448.26953125,0,0,0
77.32587218284607,1.8,18453.33984375,0,0,0
78.32936978340149,1.8,18451.14453125,0,0,0
79.33307075500488,2.1,18454.40625,0,0,0
80.33671164512634,1.7,18451.87109375,0,0,0
81.34025025367737,2.1,18457.31640625,0,0,0
82.34354257583618,1.6,18457.73046875,0,0,0
83.3468656539917,1.7,18458.18359375,0,0,0
84.35040545463562,2.0,18455.94140625,0,0,0
85.35404944419861,2.1,18456.62109375,0,0,0
86.35698437690735,2.5,18460.3828125,0,0,0
87.36049318313599,1.7,18462.4296875,0,0,0
88.36436486244202,1.8,18462.9375,0,0,0
89.36781096458435,1.8,18456.0,0,0,0
90.37106585502625,2.2,18457.86328125,0,0,0
91.3745424747467,2.0,18459.0625,0,0,0
92.3784728050232,1.9,18454.84375,0,0,0
93.38220953941345,1.9,18459.16015625,0,0,0
94.38573336601257,3.3,18460.8984375,0,0,0
95.38903784751892,2.2,18461.51171875,0,0,0
96.39264988899231,1.8,18458.1796875,0,0,0
97.39597010612488,2.1,18461.01171875,0,0,0
98.39925074577332,1.8,18462.62890625,0,0,0
99.40247130393982,1.7,18462.16015625,0,0,0
100.40604019165039,2.1,18460.2890625,0,0,0
101.40961980819702,2.0,18463.5390625,0,0,0
102.41309833526611,1.7,18461.796875,0,0,0
103.4163453578949,1.8,18461.265625,0,0,0
104.41986441612244,1.5,18458.3046875,0,0,0
105.42331528663635,2.2,18458.76953125,0,0,0
106.42639493942261,1.7,18460.17578125,0,0,0
107.42988228797913,1.7,18460.44140625,0,0,0
108.43349266052246,2.2,18464.66796875,0,0,0
109.43720555305481,1.8,18465.84375,0,0,0
110.44079947471619,2.3,18469.81640625,0,0,0
111.44443845748901,2.2,18470.0859375,0,0,0
112.44801902770996,1.9,18474.73046875,0,0,0
113.45144844055176,2.2,18474.984375,0,0,0
114.45489382743835,1.5,18470.03125,0,0,0
115.45837473869324,1.7,18471.43359375,0,0,0
116.46224927902222,2.2,18469.84765625,0,0,0
117.46570014953613,1.8,18472.06640625,0,0,0
118.46921634674072,1.9,18470.3515625,0,0,0
119.47273135185242,1.6,18469.0390625,0,0,0
120.47630524635315,1.9,18470.44140625,0,0,0
121.47969031333923,2.1,18468.7578125,0,0,0
122.48312783241272,1.8,18468.28515625,0,0,0
123.48657393455505,1.6,18466.05859375,0,0,0
124.48993945121765,2.1,18462.44921875,0,0,0
125.49343490600586,1.8,18461.0234375,0,0,0
126.4969208240509,1.7,18461.4296875,0,0,0
127.50046849250793,1.6,18461.19140625,0,0,0
128.50394320487976,2.2,18469.375,0,0,0
129.50682520866394,3.2,18464.11328125,0,0,0
130.510155916214,1.9,18461.75,0,0,0
131.51362109184265,2.2,18462.48828125,0,0,0
132.51727390289307,2.0,18465.84765625,0,0,0
133.52082514762878,1.8,18467.26953125,0,0,0
134.52405190467834,1.9,18465.65234375,0,0,0
135.52760004997253,2.1,18469.40234375,0,0,0
136.53110575675964,2.1,18472.87890625,0,0,0
137.5346622467041,2.3,18469.765625,0,0,0
138.53717684745789,2.1,18471.74609375,0,0,0
139.54036498069763,1.7,18476.23828125,0,0,0
140.54358744621277,2.2,18478.3046875,0,0,0
141.5470724105835,1.7,18475.71484375,0,0,0
142.55066323280334,1.8,18479.84375,0,0,0
143.5543065071106,1.9,18479.015625,0,0,0
144.5578169822693,1.6,18477.85546875,0,0,0
145.56133651733398,2.2,18478.65625,0,0,0
146.56516695022583,1.7,18478.93359375,0,0,0
147.56840562820435,1.9,18482.21484375,0,0,0
148.5720615386963,2.2,18478.921875,0,0,0
149.57566738128662,1.8,18480.81640625,0,0,0
150.57902359962463,2.1,18479.6171875,0,0,0
151.58250379562378,1.9,18480.1640625,0,0,0
152.58587646484375,1.9,18479.56640625,0,0,0
153.58954548835754,2.1,18479.37109375,0,0,0
154.5930690765381,1.7,18480.79296875,0,0,0
155.59668135643005,2.2,18479.73828125,0,0,0
156.60010147094727,1.9,18480.04296875,0,0,0
157.60340404510498,1.9,18480.109375,0,0,0
158.6067876815796,1.7,18478.84765625,0,0,0
159.61014103889465,1.7,18477.984375,0,0,0
160.6136510372162,2.1,18476.73828125,0,0,0
161.61725640296936,1.7,18476.30078125,0,0,0
162.62066745758057,2.0,18480.4453125,0,0,0
163.62411999702454,1.4,18482.10546875,0,0,0
164.6273329257965,1.8,18482.390625,0,0,0
165.63068914413452,1.9,18478.9296875,0,0,0
166.63442945480347,3.0,18481.203125,0,0,0
167.6380319595337,1.8,18480.21484375,0,0,0
168.6415684223175,1.8,18477.09765625,0,0,0
169.6450972557068,1.9,18477.6484375,0,0,0
170.64866185188293,2.0,18480.140625,0,0,0
171.6519329547882,2.3,18478.13671875,0,0,0
172.6552665233612,1.9,18477.13671875,0,0,0
173.65872621536255,2.1,18470.3125,0,0,0
174.66244173049927,1.8,18470.33984375,0,0,0
175.66567158699036,1.9,18471.22265625,0,0,0
176.66918230056763,2.1,18474.546875,0,0,0
177.67270016670227,1.9,18471.7890625,0,0,0
178.67636632919312,1.9,18471.32421875,0,0,0
179.6795678138733,1.8,18466.48046875,0,0,0
180.6828784942627,2.2,18470.0,0,0,0
181.68637013435364,1.9,18471.74609375,0,0,0
182.68974137306213,1.5,18471.10546875,0,0,0
183.69298601150513,1.8,18471.18359375,0,0,0
184.69652700424194,2.4,18474.984375,0,0,0
185.70007228851318,2.3,18469.296875,0,0,0
186.70351481437683,1.8,18468.375,0,0,0
187.7071750164032,1.5,18467.87890625,0,0,0
188.71063351631165,2.1,18475.671875,0,0,0
189.714200258255,3.8,18465.578125,0,0,0
190.71780347824097,1.8,18469.8515625,0,0,0
191.7209837436676,1.7,18473.4296875,0,0,0
192.7245306968689,3.3,18470.32421875,0,0,0
193.72811937332153,1.7,18468.1484375,0,0,0
194.73169469833374,1.9,18468.67578125,0,0,0
195.73549389839172,1.9,18469.09765625,0,0,0
196.73891854286194,2.4,18466.71875,0,0,0
197.7424237728119,1.7,18461.296875,0,0,0
198.74581670761108,1.9,18461.3671875,0,0,0
199.7489914894104,2.2,18461.09375,0,0,0
200.75254368782043,2.2,18463.12109375,0,0,0
201.7558834552765,1.8,18461.93359375,0,0,0
202.7589991092682,1.4,18460.25,0,0,0
203.76246881484985,2.0,18459.2265625,0,0,0
204.76577186584473,1.8,18460.71875,0,0,0
205.7690830230713,2.1,18460.21484375,0,0,0
206.77285861968994,1.8,18460.8125,0,0,0
207.77646613121033,1.7,18463.4921875,0,0,0
208.77986216545105,1.8,18463.03515625,0,0,0
209.78318309783936,2.0,18457.1875,0,0,0
210.78652811050415,1.7,18455.54296875,0,0,0
211.78996562957764,2.4,18455.36328125,0,0,0
212.79371213912964,1.7,18455.9921875,0,0,0
213.79722356796265,1.7,18455.28515625,0,0,0
214.80079245567322,2.0,18459.0859375,0,0,0
215.8042345046997,1.8,18458.9296875,0,0,0
216.8079206943512,1.8,18457.65234375,0,0,0
217.8113477230072,1.4,18456.02734375,0,0,0
218.81490421295166,1.9,18456.98046875,0,0,0
219.81840562820435,1.9,18458.3359375,0,0,0
220.8218731880188,1.7,18458.1015625,0,0,0
221.82524967193604,2.0,18457.16015625,0,0,0
222.82903861999512,1.7,18458.36328125,0,0,0
223.83242392539978,1.8,18459.5078125,0,0,0
224.83566808700562,1.8,18456.9140625,0,0,0
225.83888959884644,1.7,18456.92578125,0,0,0
226.84232997894287,2.1,18455.3203125,0,0,0
227.84585189819336,2.2,18457.70703125,0,0,0
228.84891772270203,1.6,18461.7734375,0,0,0
229.85232782363892,1.6,18460.89453125,0,0,0
230.85560512542725,1.9,18461.0,0,0,0
231.85888838768005,2.0,18460.86328125,0,0,0
232.86233758926392,2.1,18461.19921875,0,0,0
233.86566519737244,1.7,18461.22265625,0,0,0
234.86928939819336,1.9,18461.22265625,0,0,0
235.8726351261139,3.3,18463.01171875,0,0,0
236.87644505500793,1.8,18479.96484375,0,0,0
237.87996435165405,1.7,18477.73046875,0,0,0
238.8831331729889,2.4,18479.625,0,0,0
239.8865988254547,1.5,18479.27734375,0,0,0
240.8900351524353,2.0,18479.75,0,0,0
241.89369082450867,1.7,18479.81640625,0,0,0
242.896986246109,1.7,18477.09765625,0,0,0
243.9005229473114,1.7,18476.625,0,0,0
244.90373730659485,1.7,18472.73828125,0,0,0
245.9070062637329,2.2,18473.390625,0,0,0
246.9108123779297,1.8,18473.09765625,0,0,0
247.9141685962677,1.8,18472.6796875,0,0,0
248.91772294044495,1.7,18471.0703125,0,0,0
249.92129373550415,2.0,18469.10546875,0,0,0
250.92488980293274,1.8,18467.78515625,0,0,0
251.92884612083435,1.8,18468.02734375,0,0,0
252.93233036994934,2.2,18466.07421875,0,0,0
253.9355285167694,2.1,18467.8984375,0,0,0
254.93904209136963,2.1,18461.71875,0,0,0
255.94261598587036,1.8,18463.81640625,0,0,0
256.9461581707001,2.6,18461.46484375,0,0,0
257.94920015335083,2.0,18462.54296875,0,0,0
258.9513669013977,1.6,18466.08984375,0,0,0
259.9548850059509,1.9,18470.20703125,0,0,0
260.9585313796997,1.9,18471.3203125,0,0,0
261.9620134830475,2.1,18471.84375,0,0,0
262.9655568599701,1.4,18473.828125,0,0,0
263.96922755241394,1.6,18473.12109375,0,0,0
264.97279500961304,2.2,18472.28125,0,0,0
265.9762632846832,1.9,18470.10546875,0,0,0
266.97950983047485,2.0,18471.4921875,0,0,0
267.98306226730347,1.7,18469.953125,0,0,0
268.9867477416992,1.9,18474.8828125,0,0,0
269.9902310371399,1.7,18470.69921875,0,0,0
270.9938130378723,1.9,18467.34765625,0,0,0
271.99739503860474,2.1,18468.75390625,0,0,0
273.0009980201721,2.0,18471.6875,0,0,0
274.00440216064453,2.1,18470.07421875,0,0,0
275.0076971054077,1.7,18467.13671875,0,0,0
276.01124596595764,2.0,18468.94921875,0,0,0
277.0147352218628,2.3,18470.10546875,0,0,0
278.0181841850281,1.6,18469.09765625,0,0,0
279.0217978954315,1.5,18470.55078125,0,0,0
280.0254445075989,2.2,18473.03515625,0,0,0
281.02884674072266,2.1,18474.03125,0,0,0
282.03252601623535,1.8,18470.76171875,0,0,0
283.03619050979614,1.4,18470.57421875,0,0,0
284.0394492149353,1.9,18473.34765625,0,0,0
285.0433020591736,1.9,18474.99609375,0,0,0
286.04679226875305,2.3,18476.3046875,0,0,0
287.0503816604614,1.7,18476.18359375,0,0,0
288.053204536438,2.2,18474.53515625,0,0,0
289.0567343235016,1.7,18475.5625,0,0,0
290.0603737831116,1.8,18473.265625,0,0,0
291.0636637210846,1.9,18471.32421875,0,0,0
292.06706953048706,2.0,18467.390625,0,0,0
293.0707006454468,2.3,18469.671875,0,0,0
294.07397079467773,1.7,18469.0,0,0,0
295.07698607444763,1.7,18465.828125,0,0,0
296.0806984901428,2.1,18466.44140625,0,0,0
297.0840721130371,1.6,18467.89453125,0,0,0
298.08727192878723,1.8,18467.0859375,0,0,0
299.09079146385193,1.7,18468.484375,0,0,0
300.09442615509033,1.8,18470.2109375,0,0,0
301.0969908237457,2.0,18469.1328125,0,0,0
302.100487947464,1.6,18469.94140625,0,0,0
303.10399055480957,1.9,18470.7734375,0,0,0
304.1075220108032,1.7,18471.1484375,0,0,0
305.1111009120941,1.6,18468.60546875,0,0,0
306.11469888687134,3.5,18466.671875,0,0,0
307.11841464042664,1.7,18469.79296875,0,0,0
308.1220660209656,1.4,18470.453125,0,0,0
309.1246495246887,1.9,18473.078125,0,0,0
310.12812304496765,1.6,18473.3515625,0,0,0
311.1313695907593,2.4,18476.17578125,0,0,0
312.1351339817047,1.5,18475.13671875,0,0,0
313.138790845871,2.0,18472.56640625,0,0,0
314.14236664772034,1.8,18473.140625,0,0,0
315.14586567878723,2.2,18473.17578125,0,0,0
316.1494302749634,1.8,18474.00390625,0,0,0
317.152952671051,1.6,18470.35546875,0,0,0
318.15614771842957,2.5,18466.0859375,0,0,0
319.15937185287476,1.7,18467.80859375,0,0,0
320.1628887653351,1.9,18469.26171875,0,0,0
321.1663730144501,2.8,18474.4140625,0,0,0
322.1698441505432,2.1,18471.96875,0,0,0
323.17335057258606,1.7,18473.87109375,0,0,0
324.1768579483032,2.1,18471.953125,0,0,0
325.180294752121,1.6,18468.76953125,0,0,0
326.18371510505676,2.3,18470.76171875,0,0,0
327.18695306777954,1.7,18472.87890625,0,0,0
328.19047570228577,1.9,18477.67578125,0,0,0
329.1940686702728,2.1,18475.32421875,0,0,0
330.19759345054626,1.9,18470.22265625,0,0,0
331.20115518569946,2.3,18470.9140625,0,0,0
332.2046353816986,1.9,18474.47265625,0,0,0
333.2082185745239,2.7,18477.421875,0,0,0
334.21169209480286,2.0,18477.1796875,0,0,0
335.2150511741638,1.8,18476.078125,0,0,0
336.21857261657715,2.3,18475.65234375,0,0,0
337.222172498703,1.9,18478.82421875,0,0,0
338.22571206092834,1.9,18480.7421875,0,0,0
339.2290749549866,1.7,18479.9765625,0,0,0
340.23279643058777,2.2,18477.18359375,0,0,0
341.23663449287415,2.7,18474.8828125,0,0,0
342.2403311729431,2.1,18473.8203125,0,0,0
343.24389719963074,1.7,18474.515625,0,0,0
344.2472393512726,1.8,18475.73046875,0,0,0
345.2507839202881,2.3,18473.19140625,0,0,0
346.2543292045593,1.9,18472.859375,0,0,0
347.25699257850647,1.7,18473.7890625,0,0,0
348.2605321407318,1.8,18477.07421875,0,0,0
349.26409435272217,1.6,18474.9375,0,0,0
350.2672612667084,1.8,18473.1640625,0,0,0
351.2710645198822,2.0,18468.53125,0,0,0
352.27456641197205,2.3,18469.93359375,0,0,0
353.2782380580902,1.8,18468.09765625,0,0,0
354.28190517425537,1.8,18467.7578125,0,0,0
355.28532910346985,1.9,18470.1875,0,0,0
356.2891638278961,1.9,18471.68359375,0,0,0
357.2928206920624,1.9,18471.75390625,0,0,0
358.29626846313477,3.1,18465.484375,0,0,0
359.2995207309723,1.5,18467.62890625,0,0,0
360.3030619621277,2.5,18471.96484375,0,0,0
361.30665397644043,2.3,18474.94921875,0,0,0
362.31023955345154,1.9,18473.3984375,0,0,0
363.31298756599426,1.7,18469.15625,0,0,0
364.31645154953003,1.9,18469.703125,0,0,0
365.3200259208679,1.9,18471.16015625,0,0,0
366.32308197021484,1.6,18472.3046875,0,0,0
367.3266227245331,2.0,18472.02734375,0,0,0
368.3292775154114,1.9,18470.0,0,0,0
369.33305621147156,2.2,18462.48046875,0,0,0
370.3364222049713,2.7,18459.08203125,0,0,0
371.3397650718689,2.3,18463.29296875,0,0,0
372.3430516719818,1.9,18463.6953125,0,0,0
373.34663581848145,1.8,18462.82421875,0,0,0
374.3501167297363,1.7,18460.0703125,0,0,0
375.35355854034424,2.2,18467.03125,0,0,0
376.3570213317871,2.0,18467.38671875,0,0,0
377.3607289791107,1.7,18469.203125,0,0,0
378.3642838001251,2.0,18469.00390625,0,0,0
379.3674819469452,1.8,18467.41015625,0,0,0
380.37092685699463,2.0,18465.5703125,0,0,0
381.3742926120758,1.8,18469.02734375,0,0,0
382.3778028488159,1.8,18467.51171875,0,0,0
383.3813066482544,1.7,18468.34765625,0,0,0
384.38504099845886,1.7,18470.21484375,0,0,0
385.3888294696808,1.9,18472.03515625,0,0,0
386.39254426956177,2.0,18473.7421875,0,0,0
387.3960049152374,2.1,18468.59765625,0,0,0
388.3993082046509,1.7,18467.8671875,0,0,0
389.4028444290161,1.8,18466.515625,0,0,0
390.40631198883057,1.8,18465.9375,0,0,0
391.40989875793457,2.3,18469.6640625,0,0,0
392.41333270072937,1.9,18471.00390625,0,0,0
393.4170734882355,2.0,18470.453125,0,0,0
394.42060828208923,1.8,18470.46875,0,0,0
395.42416620254517,1.8,18472.1328125,0,0,0
396.4274263381958,2.1,18476.19921875,0,0,0
397.43091320991516,1.7,18478.33203125,0,0,0
398.43445563316345,2.2,18479.62109375,0,0,0
399.43706488609314,1.5,18480.69921875,0,0,0
400.440397977829,2.1,18481.06640625,0,0,0
401.44387340545654,2.1,18478.6171875,0,0,0
402.44707322120667,1.8,18477.42578125,0,0,0
403.45045733451843,1.9,18477.57421875,0,0,0
404.45396614074707,1.7,18474.90234375,0,0,0
405.4569833278656,2.5,18476.94140625,0,0,0
406.46069073677063,1.8,18478.44140625,0,0,0
407.4641661643982,1.7,18479.140625,0,0,0
408.4675579071045,1.9,18474.01171875,0,0,0
409.4710204601288,2.6,18476.20703125,0,0,0
410.47446727752686,1.6,18475.0,0,0,0
411.4770510196686,2.2,18474.91015625,0,0,0
412.48052072525024,2.3,18472.17578125,0,0,0
413.4840581417084,2.0,18470.421875,0,0,0
414.48755073547363,1.8,18469.1171875,0,0,0
415.490971326828,2.2,18468.27734375,0,0,0
416.494699716568,1.8,18462.4296875,0,0,0
417.4981129169464,1.9,18463.51171875,0,0,0
418.5015506744385,1.9,18462.87109375,0,0,0
419.5050790309906,1.9,18462.30859375,0,0,0
420.50865483283997,1.7,18461.3984375,0,0,0
421.51226234436035,2.1,18459.875,0,0,0
422.5154776573181,1.6,18456.41015625,0,0,0
423.5191023349762,2.1,18456.86328125,0,0,0
424.52255749702454,2.0,18455.22265625,0,0,0
425.5260350704193,2.0,18455.03515625,0,0,0
426.5295069217682,1.7,18454.0078125,0,0,0
427.5331447124481,1.3,18452.67578125,0,0,0
428.5367078781128,2.1,18451.2109375,0,0,0
429.54011368751526,1.6,18449.6796875,0,0,0
430.5433261394501,2.1,18451.375,0,0,0
431.546834230423,1.9,18451.56640625,0,0,0
432.55014514923096,2.3,18453.72265625,0,0,0
433.55399656295776,1.7,18453.16796875,0,0,0
434.55735206604004,1.8,18453.4765625,0,0,0
435.5611529350281,1.9,18452.87890625,0,0,0
436.5643754005432,2.0,18453.44140625,0,0,0
437.56761837005615,1.8,18453.16015625,0,0,0
438.5708339214325,1.8,18455.54296875,0,0,0
439.5743935108185,1.7,18454.015625,0,0,0
440.5779206752777,2.1,18455.1875,0,0,0
441.58154678344727,1.7,18456.08203125,0,0,0
442.5852015018463,3.0,18456.76953125,0,0,0
443.58880257606506,1.8,18457.390625,0,0,0
444.59231185913086,2.1,18456.77734375,0,0,0
445.59555864334106,1.9,18458.40625,0,0,0
446.5991442203522,1.8,18457.18359375,0,0,0
447.60259556770325,2.0,18456.77734375,0,0,0
448.60604977607727,1.6,18457.9375,0,0,0
449.60964846611023,1.7,18457.64453125,0,0,0
450.61318159103394,1.7,18459.42578125,0,0,0
451.61660146713257,2.0,18460.16015625,0,0,0
452.6200053691864,2.0,18462.44921875,0,0,0
453.6231963634491,1.5,18463.4453125,0,0,0
454.62670969963074,2.1,18464.4921875,0,0,0
455.6301929950714,2.1,18463.7890625,0,0,0
456.63375878334045,2.1,18465.38671875,0,0,0
457.6372883319855,1.6,18465.4609375,0,0,0
458.6409411430359,1.7,18470.13671875,0,0,0
459.6446461677551,1.9,18469.9375,0,0,0
460.64816761016846,1.8,18471.7734375,0,0,0
461.6513509750366,1.9,18467.41015625,0,0,0
462.6548056602478,1.9,18467.20703125,0,0,0
463.65841484069824,1.7,18466.08203125,0,0,0
464.66173577308655,1.9,18467.4375,0,0,0
465.66523027420044,1.8,18469.359375,0,0,0
466.66873836517334,2.4,18468.90234375,0,0,0
467.67210817337036,1.3,18468.34765625,0,0,0
468.6753125190735,1.5,18468.15625,0,0,0
469.67870926856995,2.0,18468.3203125,0,0,0
470.68224716186523,2.1,18469.52734375,0,0,0
471.6849846839905,2.2,18468.01171875,0,0,0
472.6885578632355,1.8,18466.42578125,0,0,0
473.6920006275177,2.2,18465.46875,0,0,0
474.69517517089844,1.7,18466.47265625,0,0,0
475.69864559173584,2.0,18466.67578125,0,0,0
476.7021381855011,2.0,18469.41796875,0,0,0
477.70564365386963,1.8,18469.25,0,0,0
478.7089822292328,1.7,18468.8671875,0,0,0
479.7124524116516,2.0,18469.0859375,0,0,0
480.71565318107605,1.8,18466.21875,0,0,0
481.71924662590027,2.3,18465.33984375,0,0,0
482.72267413139343,1.5,18466.60546875,0,0,0
483.7262456417084,1.5,18467.15625,0,0,0
484.72969102859497,1.6,18468.38671875,0,0,0
485.7328827381134,2.4,18468.7265625,0,0,0
486.73656392097473,2.3,18470.0546875,0,0,0
487.7398045063019,1.7,18470.22265625,0,0,0
488.74339175224304,1.8,18475.28515625,0,0,0
489.74590730667114,2.9,18482.73046875,0,0,0
490.7491891384125,2.1,18480.20703125,0,0,0
491.7527346611023,1.7,18479.2734375,0,0,0
492.756142616272,2.2,18477.25,0,0,0
493.75928807258606,1.8,18478.31640625,0,0,0
494.76245164871216,1.8,18474.8203125,0,0,0
495.76498317718506,2.2,18475.0703125,0,0,0
496.7684655189514,1.8,18471.3828125,0,0,0
497.7718541622162,1.8,18474.3203125,0,0,0
498.7750926017761,1.8,18473.47265625,0,0,0
499.7785737514496,1.7,18472.890625,0,0,0
500.7820954322815,1.8,18472.68359375,0,0,0
501.78555631637573,1.9,18468.5859375,0,0,0
502.7889680862427,1.7,18466.76171875,0,0,0
503.79256081581116,1.8,18470.15625,0,0,0
504.79531931877136,1.9,18472.7578125,0,0,0
505.79880452156067,1.9,18473.7265625,0,0,0
506.80214953422546,1.6,18468.79296875,0,0,0
507.8053662776947,1.7,18468.53125,0,0,0
508.8088984489441,2.0,18472.5078125,0,0,0
509.8122045993805,1.6,18477.26171875,0,0,0
510.81578254699707,1.9,18478.20703125,0,0,0
511.8191969394684,2.0,18478.37109375,0,0,0
512.8227183818817,2.0,18476.73046875,0,0,0
513.8262333869934,2.9,18473.94140625,0,0,0
514.8289830684662,1.8,18473.359375,0,0,0
515.8323438167572,2.2,18474.734375,0,0,0
516.8356378078461,2.0,18478.36328125,0,0,0
517.8390939235687,2.1,18484.69140625,0,0,0
518.8429977893829,1.6,18484.19921875,0,0,0
519.8464298248291,1.8,18481.56640625,0,0,0
520.8500814437866,2.1,18480.3984375,0,0,0
521.8537180423737,1.6,18480.61328125,0,0,0
522.856983423233,2.0,18485.43359375,0,0,0
523.8604183197021,1.8,18483.33203125,0,0,0
524.8638572692871,2.0,18480.76171875,0,0,0
525.8672630786896,1.7,18482.15234375,0,0,0
526.8706686496735,2.1,18482.4765625,0,0,0
527.8742351531982,1.6,18483.6953125,0,0,0
528.8779680728912,1.7,18481.56640625,0,0,0
529.8814377784729,1.6,18479.50390625,0,0,0
530.8850882053375,1.9,18477.25390625,0,0,0
531.8885879516602,2.1,18475.01171875,0,0,0
532.8920731544495,2.1,18474.484375,0,0,0
533.8952031135559,1.7,18476.7109375,0,0,0
534.898848772049,2.2,18478.32421875,0,0,0
535.9023995399475,1.8,18479.84765625,0,0,0
536.9061646461487,1.6,18481.7734375,0,0,0
537.9096698760986,2.1,18481.0,0,0,0
538.9129779338837,1.9,18482.34765625,0,0,0
539.9165074825287,1.4,18487.51171875,0,0,0
540.9196395874023,2.1,18486.61328125,0,0,0
541.9233419895172,1.7,18485.7734375,0,0,0
542.9268608093262,1.7,18481.7578125,0,0,0
543.9301235675812,1.8,18478.6015625,0,0,0
544.933661699295,1.6,18479.734375,0,0,0
545.9371542930603,2.1,18478.69140625,0,0,0
546.94060754776,1.8,18478.0703125,0,0,0
547.9440085887909,1.6,18479.3125,0,0,0
548.9472665786743,1.7,18474.7890625,0,0,0
549.9506943225861,1.8,18475.15234375,0,0,0
550.9540796279907,1.7,18476.1796875,0,0,0
551.9576258659363,2.3,18475.84765625,0,0,0
552.9609928131104,1.8,18475.015625,0,0,0
553.9642000198364,2.2,18474.28125,0,0,0
554.9674878120422,1.9,18476.296875,0,0,0
555.9709439277649,1.9,18474.34765625,0,0,0
556.974200963974,2.0,18472.70703125,0,0,0
557.976982831955,1.8,18472.75390625,0,0,0
558.9803993701935,2.3,18469.98828125,0,0,0
559.984171628952,1.7,18470.96875,0,0,0
560.987532377243,2.1,18472.1953125,0,0,0
561.9909217357635,1.6,18468.86328125,0,0,0
562.9944522380829,1.7,18468.9921875,0,0,0
563.9979741573334,1.8,18470.0703125,0,0,0
565.0013778209686,1.8,18472.4921875,0,0,0
566.0046894550323,2.1,18469.95703125,0,0,0
567.0087633132935,1.6,18467.20703125,0,0,0
568.0124683380127,1.4,18465.91796875,0,0,0
569.0159542560577,2.2,18467.05859375,0,0,0
570.0192646980286,1.7,18467.1171875,0,0,0
571.0227539539337,2.0,18466.6796875,0,0,0
572.0258367061615,1.9,18467.60546875,0,0,0
573.0292954444885,2.1,18467.65625,0,0,0
574.0327203273773,2.1,18462.28125,0,0,0
575.0361557006836,1.7,18462.13671875,0,0,0
576.039314031601,1.8,18461.2421875,0,0,0
577.0426995754242,2.1,18463.58203125,0,0,0
578.0462489128113,1.6,18460.7578125,0,0,0
579.0498051643372,2.1,18460.51953125,0,0,0
580.0533151626587,1.8,18463.09375,0,0,0
581.0568313598633,2.1,18463.3046875,0,0,0
582.0603024959564,1.5,18462.03515625,0,0,0
583.0636818408966,1.6,18460.30078125,0,0,0
584.0670976638794,1.9,18461.03515625,0,0,0
585.070517539978,1.9,18458.8828125,0,0,0
586.0740208625793,3.0,18459.953125,0,0,0
587.0775570869446,1.8,18460.65625,0,0,0
588.0810942649841,2.2,18460.38671875,0,0,0
589.0843541622162,1.8,18466.87109375,0,0,0
590.0877931118011,2.0,18467.265625,0,0,0
591.0913145542145,2.0,18467.328125,0,0,0
592.094845533371,2.0,18464.86328125,0,0,0
593.0984077453613,2.1,18465.578125,0,0,0
594.1019399166107,1.8,18464.296875,0,0,0
595.1055717468262,1.8,18461.1875,0,0,0
596.1091527938843,2.3,18462.60546875,0,0,0
597.1125144958496,1.8,18465.51171875,0,0,0
598.1157257556915,1.9,18469.53515625,0,0,0
599.1189258098602,1.8,18473.0390625,0,0,0
600.1223616600037,1.9,18473.50390625,0,0,0
601.1258752346039,2.2,18474.171875,0,0,0
602.1294515132904,1.5,18477.69921875,0,0,0
603.1330606937408,1.7,18480.76953125,0,0,0
604.1365985870361,1.6,18478.65234375,0,0,0
605.1403250694275,1.9,18480.31640625,0,0,0
606.1436212062836,1.9,18480.60546875,0,0,0
607.1470654010773,2.0,18480.53125,0,0,0
608.1505222320557,1.5,18481.828125,0,0,0
609.152987241745,1.9,18482.73828125,0,0,0
610.1562638282776,1.7,18479.50390625,0,0,0
611.1598107814789,2.3,18478.9453125,0,0,0
612.1633286476135,2.1,18482.296875,0,0,0
613.1667976379395,1.8,18482.5234375,0,0,0
614.1703941822052,1.9,18477.84765625,0,0,0
615.1729834079742,2.1,18477.28515625,0,0,0
616.1764378547668,1.8,18477.84765625,0,0,0
617.1796500682831,2.0,18479.09375,0,0,0
618.1830387115479,1.9,18476.46484375,0,0,0
619.1865103244781,2.1,18476.734375,0,0,0
620.1899988651276,1.4,18475.40625,0,0,0
621.1931993961334,2.0,18483.125,0,0,0
622.1963195800781,1.7,18480.49609375,0,0,0
623.1993792057037,1.5,18481.53125,0,0,0
624.2027015686035,1.5,18481.9453125,0,0,0
625.2061340808868,1.9,18481.26953125,0,0,0
626.2095465660095,2.1,18483.296875,0,0,0
627.213009595871,2.1,18481.5390625,0,0,0
628.2163393497467,1.6,18481.2578125,0,0,0
629.2197251319885,1.9,18482.70703125,0,0,0
630.2232027053833,1.7,18485.48828125,0,0,0
631.226667881012,2.3,18488.73828125,0,0,0
632.2301433086395,1.7,18489.65625,0,0,0
633.2336006164551,1.7,18487.765625,0,0,0
634.2375469207764,2.7,18488.671875,0,0,0
635.2410480976105,1.7,18488.88671875,0,0,0
636.2445783615112,1.9,18489.9140625,0,0,0
637.2482712268829,1.9,18488.14453125,0,0,0
638.2515556812286,2.0,18487.12109375,0,0,0
639.2548651695251,1.5,18486.44140625,0,0,0
640.2583074569702,1.6,18483.42578125,0,0,0
641.2609870433807,2.1,18484.30859375,0,0,0
642.2648334503174,1.7,18482.796875,0,0,0
643.2684030532837,1.6,18480.79296875,0,0,0
644.2715730667114,1.4,18480.21875,0,0,0
645.2751607894897,3.8,18480.890625,0,0,0
646.278559923172,1.8,18481.453125,0,0,0
647.2820432186127,1.6,18480.36328125,0,0,0
648.2851893901825,1.9,18482.18359375,0,0,0
649.2886190414429,2.0,18478.01171875,0,0,0
650.2919015884399,1.7,18476.41796875,0,0,0
651.2954194545746,1.8,18470.91796875,0,0,0
652.2988231182098,2.2,18472.24609375,0,0,0
653.3023633956909,1.8,18472.82421875,0,0,0
654.3049819469452,2.0,18470.28515625,0,0,0
655.3084907531738,1.8,18471.0546875,0,0,0
656.3121099472046,2.1,18468.3828125,0,0,0
657.3156015872955,2.1,18471.42578125,0,0,0
658.319230556488,1.7,18467.5546875,0,0,0
659.3227772712708,2.0,18467.0234375,0,0,0
660.3261635303497,1.9,18470.9921875,0,0,0
661.3296220302582,2.1,18471.19921875,0,0,0
662.3330590724945,1.2,18469.921875,0,0,0
663.3365783691406,1.7,18469.546875,0,0,0
664.3398940563202,2.2,18474.171875,0,0,0
665.343358039856,1.6,18476.578125,0,0,0
666.3468322753906,2.1,18478.47265625,0,0,0
667.350240945816,1.7,18476.72265625,0,0,0
668.3537275791168,2.0,18480.0625,0,0,0
669.3569824695587,1.6,18479.34765625,0,0,0
670.3604371547699,1.9,18478.55078125,0,0,0
671.3640508651733,2.0,18479.7890625,0,0,0
672.3672635555267,2.2,18479.07421875,0,0,0
673.3707342147827,1.9,18476.71484375,0,0,0
674.374249458313,1.7,18479.265625,0,0,0
675.3779153823853,2.2,18478.5390625,0,0,0
676.3814623355865,1.9,18477.99609375,0,0,0
677.38507604599,1.9,18479.24609375,0,0,0
678.3884196281433,1.6,18477.57421875,0,0,0
679.3911399841309,1.7,18479.6640625,0,0,0
680.3943822383881,1.8,18481.51171875,0,0,0
681.3979942798615,1.8,18483.2890625,0,0,0
682.4014286994934,2.1,18483.5234375,0,0,0
683.4048771858215,1.9,18482.10546875,0,0,0
684.4085342884064,1.7,18478.85546875,0,0,0
685.411833524704,2.0,18479.28125,0,0,0
686.4151089191437,1.9,18484.50390625,0,0,0
687.4185967445374,2.2,18488.2890625,0,0,0
688.4221103191376,1.6,18487.07421875,0,0,0
689.425393819809,1.9,18486.359375,0,0,0
690.4288108348846,1.9,18484.09375,0,0,0
691.4322764873505,1.8,18484.64453125,0,0,0
692.4357109069824,2.1,18484.71875,0,0,0
693.4390413761139,1.9,18483.7890625,0,0,0
694.442539691925,2.2,18483.9765625,0,0,0
695.4460895061493,2.2,18483.9375,0,0,0
696.4496252536774,2.0,18480.4609375,0,0,0
697.4529283046722,2.0,18481.9140625,0,0,0
698.4562361240387,2.0,18483.49609375,0,0,0
699.4594030380249,1.9,18482.703125,0,0,0
700.4628014564514,2.3,18485.83984375,0,0,0
701.46617436409,2.2,18487.28125,0,0,0
702.4690055847168,1.8,18488.8046875,0,0,0
703.4724514484406,1.8,18487.26171875,0,0,0
704.4761905670166,2.1,18488.65625,0,0,0
705.479633808136,1.8,18488.16796875,0,0,0
706.4828295707703,2.3,18488.234375,0,0,0
707.4862596988678,1.8,18488.77734375,0,0,0
708.489173412323,2.0,18480.89453125,0,0,0
709.4924354553223,1.8,18482.43359375,0,0,0
710.4956977367401,2.8,18485.078125,0,0,0
711.4988861083984,3.3,18481.90234375,0,0,0
712.5021567344666,1.9,18483.55078125,0,0,0
713.5050685405731,1.9,18485.9375,0,0,0
714.5085728168488,2.1,18485.86328125,0,0,0
715.5121483802795,1.5,18486.73046875,0,0,0
716.515547990799,2.1,18487.453125,0,0,0
717.5189023017883,2.0,18488.625,0,0,0
718.5221326351166,1.8,18486.16015625,0,0,0
719.5256016254425,1.2,18483.91796875,0,0,0
720.5290765762329,1.7,18485.6171875,0,0,0
721.5325245857239,2.2,18483.4375,0,0,0
722.5358595848083,1.6,18487.0,0,0,0
723.5390713214874,1.9,18484.3046875,0,0,0
724.5424964427948,1.8,18488.2265625,0,0,0
725.5450708866119,2.0,18484.89453125,0,0,0
726.5486130714417,1.7,18488.15234375,0,0,0
727.5521728992462,1.9,18490.0625,0,0,0
728.5553529262543,2.0,18488.34765625,0,0,0
729.558723449707,1.9,18487.26953125,0,0,0
730.5622298717499,2.1,18490.05859375,0,0,0
731.5649843215942,2.0,18488.61328125,0,0,0
732.5685212612152,2.3,18487.203125,0,0,0
733.5719997882843,1.7,18488.5546875,0,0,0
734.5754702091217,1.9,18491.34765625,0,0,0
735.5787954330444,1.7,18492.8046875,0,0,0
736.5822539329529,2.4,18496.96484375,0,0,0
737.5860252380371,1.6,18491.6640625,0,0,0
738.5889840126038,1.7,18490.09375,0,0,0
739.5923199653625,1.6,18490.4375,0,0,0
740.5955138206482,1.8,18492.95703125,0,0,0
741.598964214325,2.1,18497.69140625,0,0,0
742.6023268699646,1.6,18494.21875,0,0,0
743.6058073043823,2.0,18491.8359375,0,0,0
744.609224319458,1.7,18489.09375,0,0,0
745.6125700473785,2.0,18488.03125,0,0,0
746.6159226894379,1.7,18486.19140625,0,0,0
747.6194839477539,1.8,18484.8984375,0,0,0
748.6231234073639,1.8,18486.0703125,0,0,0
749.626570224762,1.5,18486.55859375,0,0,0
750.6289851665497,1.8,18488.0625,0,0,0
751.6327092647552,1.8,18489.51953125,0,0,0
752.6364908218384,2.3,18486.78125,0,0,0
753.6399586200714,1.8,18486.0703125,0,0,0
754.6431787014008,2.0,18487.875,0,0,0
755.6466782093048,2.0,18486.91796875,0,0,0
756.6501545906067,1.8,18484.6953125,0,0,0
757.6536512374878,1.8,18485.234375,0,0,0
758.6571128368378,1.5,18485.87890625,0,0,0
759.6609733104706,1.6,18485.87109375,0,0,0
760.6644847393036,1.9,18487.3828125,0,0,0
761.6677231788635,1.8,18484.47265625,0,0,0
762.6711180210114,1.6,18487.48046875,0,0,0
763.6746938228607,1.5,18485.25,0,0,0
764.6780955791473,2.0,18488.484375,0,0,0
765.6816923618317,1.7,18485.25390625,0,0,0
766.6850636005402,2.1,18485.24609375,0,0,0
767.6891660690308,1.4,18488.80078125,0,0,0
768.6930394172668,1.7,18487.53515625,0,0,0
769.6963922977448,1.9,18488.50390625,0,0,0
770.6997811794281,1.9,18490.06640625,0,0,0
771.7032845020294,1.7,18477.890625,0,0,0
772.7067022323608,2.3,18482.73046875,0,0,0
773.7101745605469,1.7,18483.30078125,0,0,0
774.7137031555176,3.1,18485.796875,0,0,0
775.7174022197723,1.9,18485.453125,0,0,0
776.7210021018982,1.8,18486.42578125,0,0,0
777.7243192195892,2.0,18485.3359375,0,0,0
778.727579832077,1.8,18481.75390625,0,0,0
779.731333732605,1.5,18484.421875,0,0,0
780.7349016666412,1.8,18485.37109375,0,0,0
781.7383708953857,2.3,18486.02734375,0,0,0
782.7421197891235,2.8,18466.4296875,0,0,0
783.7456550598145,3.1,18464.48828125,0,0,0
784.7490782737732,1.8,18462.53515625,0,0,0
785.7525970935822,2.1,18459.8046875,0,0,0
786.7562673091888,2.4,18462.1640625,0,0,0
787.7594931125641,2.0,18464.05078125,0,0,0
788.7627482414246,1.8,18468.63671875,0,0,0
789.7664730548859,3.3,18471.56640625,0,0,0
790.7699408531189,1.9,18469.953125,0,0,0
791.7733829021454,2.0,18472.890625,0,0,0
792.7769062519073,2.0,18472.8671875,0,0,0
793.7803857326508,1.7,18470.71875,0,0,0
794.7836790084839,1.8,18472.296875,0,0,0
795.7870452404022,2.2,18474.39453125,0,0,0
796.7906355857849,2.2,18475.7265625,0,0,0
797.7939426898956,2.1,18476.421875,0,0,0
798.7974529266357,1.8,18468.703125,0,0,0
799.8011062145233,1.6,18466.16796875,0,0,0
800.8044829368591,2.4,18469.69921875,0,0,0
801.807685136795,1.7,18473.02734375,0,0,0
802.8110723495483,2.1,18472.67578125,0,0,0
803.8145968914032,1.8,18472.96875,0,0,0
804.8179438114166,1.9,18476.10546875,0,0,0
805.8215115070343,1.9,18474.6875,0,0,0
806.8250637054443,1.8,18471.7265625,0,0,0
807.8285217285156,1.8,18473.6640625,0,0,0
808.8322100639343,2.2,18475.80859375,0,0,0
809.8354542255402,1.4,18474.2890625,0,0,0
810.8389658927917,1.9,18473.15625,0,0,0
811.8423497676849,1.8,18474.32421875,0,0,0
812.8459630012512,2.6,18474.97265625,0,0,0
813.8493328094482,1.8,18473.5,0,0,0
814.8527801036835,1.8,18472.9609375,0,0,0
815.8562169075012,2.4,18473.20703125,0,0,0
816.8594880104065,2.4,18471.31640625,0,0,0
817.8629829883575,1.8,18472.734375,0,0,0
818.8664357662201,2.0,18472.71875,0,0,0
819.8697926998138,1.8,18473.3125,0,0,0
820.8733360767365,2.3,18475.12109375,0,0,0
821.8766522407532,1.7,18475.921875,0,0,0
822.8803548812866,1.9,18473.42578125,0,0,0
823.8837175369263,1.8,18474.0859375,0,0,0
824.8871514797211,2.4,18478.64453125,0,0,0
825.8908207416534,1.9,18476.19921875,0,0,0
826.8945634365082,1.9,18476.26953125,0,0,0
827.8981380462646,2.0,18475.6640625,0,0,0
828.9009838104248,2.2,18476.8671875,0,0,0
829.9044554233551,1.8,18475.109375,0,0,0
830.908046245575,2.1,18474.046875,0,0,0
831.9120740890503,2.3,18478.94140625,0,0,0
832.9153265953064,1.9,18481.15234375,0,0,0
833.9186606407166,1.8,18480.72265625,0,0,0
834.9219851493835,2.2,18482.16015625,0,0,0
835.9250671863556,2.1,18480.83984375,0,0,0
836.9285552501678,2.3,18484.1875,0,0,0
837.9320430755615,1.6,18482.9765625,0,0,0
838.9353063106537,2.1,18481.80859375,0,0,0
839.9388003349304,1.9,18481.69921875,0,0,0
840.9413938522339,1.8,18479.8125,0,0,0
841.9448957443237,2.2,18476.6015625,0,0,0
842.9482598304749,1.9,18480.73046875,0,0,0
843.9513962268829,2.2,18483.12890625,0,0,0
844.9547607898712,1.9,18479.45703125,0,0,0
845.9582657814026,2.0,18478.54296875,0,0,0
846.9620110988617,2.2,18478.2265625,0,0,0
847.9655025005341,1.6,18476.47265625,0,0,0
848.9692187309265,1.7,18474.82421875,0,0,0
849.9727442264557,2.1,18475.8125,0,0,0
850.9763066768646,2.0,18473.65234375,0,0,0
851.9796211719513,2.3,18474.08203125,0,0,0
852.9831657409668,1.9,18475.8515625,0,0,0
853.9868211746216,1.9,18474.38671875,0,0,0
854.9902806282043,2.7,18476.3203125,0,0,0
855.9936029911041,1.6,18479.0625,0,0,0
856.996294260025,2.6,18476.34765625,0,0,0
857.9992594718933,2.0,18473.85546875,0,0,0
859.0028347969055,2.3,18474.140625,0,0,0
860.0050196647644,1.7,18473.63671875,0,0,0
861.0084192752838,1.6,18468.125,0,0,0
862.0116820335388,2.0,18465.18359375,0,0,0
863.0152144432068,1.4,18462.8984375,0,0,0
864.018571138382,1.4,18466.7109375,0,0,0
865.0220575332642,1.9,18461.15625,0,0,0
866.025550365448,1.8,18462.43359375,0,0,0
867.0289857387543,1.5,18462.58984375,0,0,0
868.0324079990387,1.5,18462.50390625,0,0,0
869.0356140136719,1.8,18465.94140625,0,0,0
870.0390706062317,1.8,18468.20703125,0,0,0
871.0425720214844,2.0,18471.70703125,0,0,0
872.0461506843567,1.9,18470.47265625,0,0,0
873.0492396354675,2.2,18470.3984375,0,0,0
874.0526638031006,1.9,18469.35546875,0,0,0
875.0563740730286,2.1,18468.8203125,0,0,0
876.059684753418,1.8,18468.51953125,0,0,0
877.0632157325745,2.5,18469.91015625,0,0,0
878.0667524337769,1.6,18469.16796875,0,0,0
879.0703771114349,2.0,18474.17578125,0,0,0
880.073970079422,1.5,18472.05859375,0,0,0
881.07715010643,2.5,18469.62109375,0,0,0
882.0809214115143,1.7,18468.12109375,0,0,0
883.0843365192413,1.7,18467.0625,0,0,0
884.0879549980164,1.7,18470.58203125,0,0,0
885.0913116931915,2.2,18469.0625,0,0,0
886.09490442276,1.8,18472.4375,0,0,0
887.0982983112335,2.0,18470.5234375,0,0,0
888.1015660762787,1.9,18475.96484375,0,0,0
889.1051244735718,2.3,18473.8515625,0,0,0
890.1086094379425,1.7,18467.3515625,0,0,0
891.1126887798309,1.9,18467.95703125,0,0,0
892.1163799762726,2.1,18467.47265625,0,0,0
893.1197459697723,1.8,18465.1875,0,0,0
894.122992515564,1.9,18463.09375,0,0,0
895.1266102790833,1.6,18464.375,0,0,0
896.1301381587982,2.1,18467.53515625,0,0,0
897.1335847377777,2.2,18465.578125,0,0,0
898.1368861198425,1.9,18468.5703125,0,0,0
899.1404023170471,1.6,18468.51953125,0,0,0
900.1438140869141,4.8,18460.95703125,0,0,0
901.1472465991974,2.1,18471.67578125,0,0,0
902.1506986618042,4.9,18467.265625,0,0,0
903.1541414260864,4.1,18469.234375,0,0,0
904.1577661037445,2.1,18471.85546875,0,0,0
905.1612477302551,1.5,18476.44921875,0,0,0
906.1646826267242,1.3,18480.38671875,0,0,0
907.1681416034698,2.1,18483.46484375,0,0,0
908.1716954708099,4.7,18502.625,0,0,0
909.1750972270966,2.1,18504.1484375,0,0,0
910.1786706447601,1.7,18505.80859375,0,0,0
911.1821689605713,2.2,18503.66796875,0,0,0
912.1855301856995,1.7,18501.1171875,0,0,0
913.1890723705292,2.4,18497.953125,0,0,0
914.1925656795502,2.1,18501.96484375,0,0,0
915.1960275173187,5.2,18402.375,0,0,0
916.1990475654602,4.9,14617.6171875,0,0,0
917.2025256156921,10.5,14830.10546875,0,0,0
918.2060699462891,4.5,14938.26171875,0,0,0
919.2089822292328,4.6,15046.00390625,0,0,0
920.212238073349,5.0,15131.7578125,0,0,0
921.2152695655823,5.3,15186.65234375,0,0,0
922.2184715270996,2.3,15238.83203125,0,0,0
923.2209868431091,3.0,15277.703125,0,0,0
924.2243654727936,5.3,15311.3125,0,0,0
925.2275366783142,16.8,18413.05859375,0,0,0
926.2306227684021,11.0,18428.5078125,0,0,0
927.2343873977661,1.7,18434.56640625,0,0,0
928.2379999160767,2.0,18437.58203125,0,0,0
929.2411618232727,1.6,18440.08984375,0,0,0
930.2445492744446,2.2,18444.1875,0,0,0
931.2479736804962,1.9,18449.46484375,0,0,0
932.2510960102081,2.3,18451.62890625,0,0,0
933.2545959949493,2.2,18457.98828125,0,0,0
934.2579109668732,2.1,18459.9921875,0,0,0
935.2615025043488,1.8,18461.19921875,0,0,0
936.2649161815643,3.1,18465.5390625,0,0,0
937.2684679031372,1.8,18466.69140625,0,0,0
938.2716362476349,2.0,18471.0625,0,0,0
939.2749614715576,6.9,18482.9375,0,0,0
940.2784264087677,12.8,18512.3984375,0,0,0
941.280966758728,7.1,18564.33984375,0,0,0
942.2844581604004,6.5,18618.79296875,0,0,0
943.2881209850311,5.6,18545.20703125,0,0,0
944.2915468215942,2.4,18547.765625,0,0,0
945.2948865890503,6.5,18545.796875,0,0,0
946.2983558177948,2.4,18548.37109375,0,0,0
947.3009779453278,7.8,18591.625,0,0,0
948.304113149643,7.8,18598.625,0,0,0
949.3073472976685,2.6,18605.44921875,0,0,0
950.3106408119202,4.4,18616.2109375,0,0,0
951.3144023418427,5.5,18634.96484375,0,0,0
952.3169786930084,2.1,18634.859375,0,0,0
953.3203887939453,5.0,16413.13671875,0,0,0
954.3233788013458,4.8,14815.59765625,0,0,0
955.3264503479004,11.4,15042.1796875,0,0,0
956.32936835289,4.9,15121.4609375,0,0,0
957.3328156471252,5.0,15258.37109375,0,0,0
958.336199760437,4.5,15310.671875,0,0,0
959.3394372463226,4.7,15405.62109375,0,0,0
960.3431856632233,2.1,15409.9921875,0,0,0
961.346757888794,3.1,15432.171875,0,0,0
962.3502864837646,4.6,15480.09375,0,0,0
963.353061914444,9.3,16773.65234375,0,0,0
964.3586676120758,18.2,18594.84375,0,0,0
965.3621263504028,1.9,18594.73828125,0,0,0
966.3653447628021,1.8,18598.37890625,0,0,0
967.3688282966614,2.0,18598.29296875,0,0,0
968.3724257946014,2.3,18600.97265625,0,0,0
969.3757698535919,2.0,18604.08203125,0,0,0
970.3790650367737,1.7,18605.4921875,0,0,0
971.3824684619904,2.1,18604.79296875,0,0,0
972.3850688934326,4.1,18483.81640625,0,0,0
973.3891263008118,5.0,18472.640625,0,0,0
974.3924651145935,1.9,18472.65625,0,0,0
975.3957543373108,4.0,18390.92578125,0,0,0
976.399071931839,5.6,18376.4453125,0,0,0
977.4026002883911,2.4,18374.8828125,0,0,0
978.4061586856842,1.5,18372.796875,0,0,0
979.4100716114044,2.4,18379.51953125,0,0,0
980.4135465621948,1.6,18379.8828125,0,0,0
981.4169805049896,2.3,18378.6640625,0,0,0
982.4204702377319,1.9,18377.09765625,0,0,0
983.4240772724152,2.3,18380.77734375,0,0,0
984.4274387359619,1.8,18383.12890625,0,0,0
985.4309356212616,2.2,18386.30859375,0,0,0
986.4344763755798,1.9,18387.1640625,0,0,0
987.4378530979156,2.6,18389.62109375,0,0,0
988.4409868717194,1.7,18389.5703125,0,0,0
989.4446120262146,2.0,18387.83203125,0,0,0
990.4481892585754,1.8,18387.66796875,0,0,0
991.4514775276184,2.5,18385.6171875,0,0,0
992.4554243087769,2.1,18393.17578125,0,0,0
993.4589402675629,2.2,18393.6796875,0,0,0
994.4625070095062,1.7,18395.53515625,0,0,0
995.4660642147064,1.9,18395.0390625,0,0,0
996.4692540168762,1.8,18392.6640625,0,0,0
997.4726188182831,2.9,18393.13671875,0,0,0
998.4761023521423,2.1,18391.59375,0,0,0
999.4795904159546,1.7,18390.12109375,0,0,0
1000.4829428195953,2.2,18395.28515625,0,0,0
1001.4865136146545,2.2,18401.2421875,0,0,0
1002.4889667034149,2.0,18401.1484375,0,0,0
1003.4923806190491,1.5,18397.8203125,0,0,0
1004.495566368103,2.1,18395.82421875,0,0,0
1005.4988448619843,1.6,18398.1328125,0,0,0
1006.5023386478424,2.5,18397.05078125,0,0,0
1007.5058190822601,1.4,18394.8203125,0,0,0
1008.5093088150024,1.8,18396.234375,0,0,0
1009.5129957199097,1.8,18399.640625,0,0,0
1010.5163629055023,2.0,18405.76953125,0,0,0
1011.5200536251068,2.0,18403.015625,0,0,0
1012.5232677459717,2.2,18402.4765625,0,0,0
1013.5266852378845,2.6,18406.59375,0,0,0
1014.5301666259766,2.0,18403.1015625,0,0,0
1015.5336191654205,2.0,18403.8359375,0,0,0
1016.5372021198273,2.6,18400.74609375,0,0,0
1017.5411746501923,2.1,18397.44140625,0,0,0
1018.5446989536285,2.0,18398.4453125,0,0,0
1019.5481374263763,1.9,18402.97265625,0,0,0
1020.551352262497,1.9,18398.1171875,0,0,0
1021.5546371936798,2.3,18398.8125,0,0,0
1022.5581414699554,1.8,18397.546875,0,0,0
1023.5614490509033,1.9,18399.5234375,0,0,0
1024.5652713775635,1.8,18398.98046875,0,0,0
1025.5690286159515,1.9,18402.0234375,0,0,0
1026.5726404190063,4.2,18443.859375,0,0,0
1027.5760712623596,1.7,18440.640625,0,0,0
1028.5792281627655,2.3,18435.3515625,0,0,0
1029.5826268196106,1.7,18433.94921875,0,0,0
1030.5858476161957,1.8,18433.625,0,0,0
1031.5897362232208,2.1,18433.86328125,0,0,0
1032.593347787857,2.1,18433.375,0,0,0
1033.5969853401184,1.9,18434.54296875,0,0,0
1034.6006095409393,3.3,18378.41796875,0,0,0
1035.604015827179,3.4,18372.06640625,0,0,0
1036.607528924942,3.0,18386.64453125,0,0,0
1037.6102073192596,1.7,18375.828125,0,0,0
1038.6135773658752,1.9,18375.05859375,0,0,0
1039.6170763969421,2.1,18368.21875,0,0,0
1040.6206276416779,2.4,18367.359375,0,0,0
1041.624365568161,2.3,18360.859375,0,0,0
1042.627638578415,1.6,18363.76953125,0,0,0
1043.6308288574219,2.0,18364.00390625,0,0,0
1044.6340651512146,1.8,18365.23046875,0,0,0
1045.6375176906586,2.1,18366.34765625,0,0,0
1046.641159772873,2.0,18364.0390625,0,0,0
1047.645191669464,1.8,18361.046875,0,0,0
1048.648741722107,1.9,18363.56640625,0,0,0
1049.6520624160767,1.7,18363.484375,0,0,0
1050.6554038524628,2.2,18362.14453125,0,0,0
1051.6589584350586,2.4,18357.5546875,0,0,0
1052.662371635437,2.1,18361.88671875,0,0,0
1053.665813446045,2.1,18363.51953125,0,0,0
1054.6693954467773,1.9,18362.515625,0,0,0
1055.673146724701,2.8,18362.85546875,0,0,0
1056.6767308712006,1.9,18363.23828125,0,0,0
1057.6804826259613,2.1,18363.98828125,0,0,0
1058.684115409851,1.8,18361.44140625,0,0,0
1059.6873807907104,1.9,18365.171875,0,0,0
1060.6905920505524,2.2,18365.06640625,0,0,0
1061.694138288498,2.1,18364.78125,0,0,0
1062.6974873542786,1.5,18367.34765625,0,0,0
1063.7009632587433,1.7,18366.69140625,0,0,0
1064.7046403884888,3.0,18367.6953125,0,0,0
1065.7082476615906,1.7,18369.30859375,0,0,0
1066.7116780281067,2.3,18369.61328125,0,0,0
1067.7149662971497,1.8,18369.37890625,0,0,0
1068.718384027481,2.3,18369.82421875,0,0,0
1069.7218663692474,1.8,18365.79296875,0,0,0
1070.7249872684479,2.4,18367.79296875,0,0,0
1071.7284841537476,2.2,18375.11328125,0,0,0
1072.7309770584106,2.1,18371.8046875,0,0,0
1073.7344200611115,2.0,18369.78125,0,0,0
1074.738091468811,2.4,18368.4609375,0,0,0
1075.7409882545471,2.0,18370.58203125,0,0,0
1076.7445485591888,2.4,18373.140625,0,0,0
1077.7473468780518,1.7,18370.79296875,0,0,0
1078.75057554245,1.9,18371.33984375,0,0,0
1079.7532784938812,2.1,18372.078125,0,0,0
1080.757201910019,1.9,18372.93359375,0,0,0
1081.7607402801514,2.0,18370.734375,0,0,0
1082.7641837596893,2.3,18369.82421875,0,0,0
1083.767656803131,1.7,18369.31640625,0,0,0
1084.7711460590363,1.8,18370.2578125,0,0,0
1085.7745714187622,2.2,18370.88671875,0,0,0
1086.7780616283417,1.8,18374.9296875,0,0,0
1087.7813293933868,1.8,18373.90234375,0,0,0
1088.7848222255707,3.0,18380.64453125,0,0,0
1089.7882163524628,7.4,18432.23046875,0,0,0
1090.7915737628937,1.7,18430.49609375,0,0,0
1091.794844865799,1.9,18395.796875,0,0,0
1092.7971894741058,2.2,18393.74609375,0,0,0
1093.8007385730743,2.3,18394.078125,0,0,0
1094.804220199585,1.8,18396.45703125,0,0,0
1095.8076870441437,2.3,18393.765625,0,0,0
1096.8109829425812,2.2,18390.10546875,0,0,0
1097.8144481182098,1.8,18387.56640625,0,0,0
1098.8182287216187,1.9,18387.01953125,0,0,0
1099.8218266963959,1.8,18386.9765625,0,0,0
1100.8253300189972,2.2,18385.43359375,0,0,0
1101.8287107944489,1.7,18383.76171875,0,0,0
1102.832214832306,1.6,18381.6640625,0,0,0
1103.83562374115,1.8,18382.50390625,0,0,0
1104.838885307312,1.7,18384.6484375,0,0,0
1105.8425767421722,1.8,18382.66796875,0,0,0
1106.8461692333221,1.9,18385.55078125,0,0,0
1107.8493926525116,2.1,18383.5859375,0,0,0
1108.8528714179993,1.8,18383.5859375,0,0,0
1109.8559885025024,1.8,18382.48046875,0,0,0
1110.8594717979431,1.6,18381.75390625,0,0,0
1111.8628985881805,1.9,18378.66015625,0,0,0
1112.8664209842682,2.4,18381.203125,0,0,0
1113.869904756546,1.9,18384.30078125,0,0,0
1114.8734810352325,2.0,18383.5,0,0,0
1115.8772892951965,2.1,18379.05078125,0,0,0
1116.8806173801422,2.4,18378.26171875,0,0,0
1117.8840975761414,1.9,18378.47265625,0,0,0
1118.887235879898,1.7,18381.15625,0,0,0
1119.890861749649,2.4,18374.05078125,0,0,0
1120.8942775726318,1.7,18374.75,0,0,0
1121.8978078365326,2.1,18375.66796875,0,0,0
1122.901418685913,1.6,18374.1484375,0,0,0
1123.9052031040192,1.8,18373.80078125,0,0,0
1124.9087920188904,1.9,18373.84375,0,0,0
1125.9123601913452,1.8,18373.20703125,0,0,0
1126.915611743927,2.1,18374.62109375,0,0,0
1127.9190912246704,1.8,18379.23046875,0,0,0
1128.9224500656128,2.2,18379.18359375,0,0,0
1129.9253361225128,1.7,18381.50390625,0,0,0
1130.9288487434387,2.6,18376.578125,0,0,0
1131.9324855804443,2.6,18379.6953125,0,0,0
1132.936280965805,1.8,18381.67578125,0,0,0
1133.9397740364075,2.3,18383.6015625,0,0,0
1134.9430918693542,1.9,18384.89453125,0,0,0
1135.9465851783752,2.1,18386.58984375,0,0,0
1136.9498553276062,1.9,18386.796875,0,0,0
1137.9532043933868,1.8,18387.4453125,0,0,0
1138.9567832946777,2.3,18386.6875,0,0,0
1139.9605929851532,1.8,18382.96875,0,0,0
1140.9643211364746,2.1,18383.58984375,0,0,0
1141.9676949977875,1.8,18379.375,0,0,0
1142.9708960056305,2.3,18381.0703125,0,0,0
1143.9744527339935,1.8,18375.6328125,0,0,0
1144.977873325348,1.9,18376.046875,0,0,0
1145.9812848567963,1.9,18374.21875,0,0,0
1146.9849600791931,2.0,18374.84375,0,0,0
1147.9884617328644,2.0,18376.1953125,0,0,0
1148.991658449173,1.6,18378.09375,0,0,0
1149.99515914917,1.9,18376.58203125,0,0,0
1150.998236656189,2.3,18376.40625,0,0,0
1152.0016708374023,1.9,18374.96484375,0,0,0
1153.005116701126,2.1,18376.53125,0,0,0
1154.008888244629,1.9,18377.9140625,0,0,0
1155.0123155117035,2.0,18378.90625,0,0,0
1156.015591621399,2.4,18381.68359375,0,0,0
1157.019068479538,1.9,18379.83984375,0,0,0
1158.0224270820618,2.3,18383.109375,0,0,0
1159.026124238968,1.8,18378.9765625,0,0,0
1160.0295808315277,1.9,18379.74609375,0,0,0
1161.033041715622,2.7,18382.23046875,0,0,0
1162.0364258289337,2.1,18380.0078125,0,0,0
1163.0395736694336,1.5,18378.984375,0,0,0
1164.0432963371277,1.8,18375.0078125,0,0,0
1165.0468504428864,1.8,18375.49609375,0,0,0
1166.0503656864166,2.0,18377.46484375,0,0,0
1167.0540187358856,2.0,18379.79296875,0,0,0
1168.0574469566345,1.7,18382.76171875,0,0,0
1169.0609123706818,1.9,18381.36328125,0,0,0
1170.0643904209137,1.6,18378.83203125,0,0,0
1171.0678102970123,1.8,18377.95703125,0,0,0
1172.0718626976013,1.9,18374.5625,0,0,0
1173.0751464366913,2.1,18374.234375,0,0,0
1174.078643321991,2.1,18372.7109375,0,0,0
1175.0822999477386,1.9,18374.734375,0,0,0
1176.085791349411,1.8,18372.54296875,0,0,0
1177.0892524719238,2.2,18373.8671875,0,0,0
1178.0924091339111,1.6,18371.34765625,0,0,0
1179.0960538387299,1.8,18370.6328125,0,0,0
1180.0993239879608,1.8,18372.05078125,0,0,0
1181.1027443408966,1.6,18373.7421875,0,0,0
1182.1059267520905,1.8,18372.49609375,0,0,0
1183.1093850135803,1.6,18371.96484375,0,0,0
1184.1128497123718,1.7,18372.2421875,0,0,0
1185.116206407547,2.2,18373.546875,0,0,0
1186.11936378479,1.8,18371.58984375,0,0,0
1187.1228601932526,2.1,18370.984375,0,0,0
1188.1262831687927,1.6,18364.76953125,0,0,0
1189.129791021347,2.3,18363.9921875,0,0,0
1190.1332845687866,1.7,18365.9453125,0,0,0
1191.1365349292755,2.1,18370.41015625,0,0,0
1192.140123128891,2.3,18367.79296875,0,0,0
1193.1434125900269,2.1,18369.78515625,0,0,0
1194.1465797424316,1.6,18370.90234375,0,0,0
1195.1501462459564,1.9,18370.41796875,0,0,0
1196.1535828113556,2.3,18370.0625,0,0,0
1197.1570885181427,2.0,18370.54296875,0,0,0
1198.160712480545,1.5,18369.69921875,0,0,0
1199.1643121242523,2.0,18371.4609375,0,0,0
1200.167564868927,1.9,18373.8671875,0,0,0
1201.1710419654846,2.2,18374.25390625,0,0,0
1202.1745026111603,1.7,18372.65625,0,0,0
1203.1783380508423,1.8,18371.56640625,0,0,0
1204.1817605495453,3.3,18369.18359375,0,0,0
1205.1852915287018,1.7,18370.578125,0,0,0
1206.1887919902802,2.2,18369.2890625,0,0,0
1207.192082643509,1.9,18369.51953125,0,0,0
1208.1953859329224,2.4,18372.33203125,0,0,0
1209.1988389492035,1.7,18372.24609375,0,0,0
1210.2023017406464,2.0,18373.80078125,0,0,0
1211.205733537674,2.1,18372.6328125,0,0,0
1212.2092082500458,2.2,18373.46875,0,0,0
1213.2128643989563,2.0,18372.2578125,0,0,0
1214.216510295868,2.2,18372.78515625,0,0,0
1215.2200779914856,2.2,18373.515625,0,0,0
1216.223317861557,2.5,18374.41796875,0,0,0
1217.2267627716064,1.7,18374.01953125,0,0,0
1218.2302424907684,1.7,18373.0390625,0,0,0
1219.2334666252136,2.0,18372.98828125,0,0,0
1220.2371490001678,1.8,18372.171875,0,0,0
1221.2413618564606,2.2,18374.50390625,0,0,0
1222.2447664737701,2.0,18376.84375,0,0,0
1223.2480340003967,2.2,18375.125,0,0,0
1224.2513628005981,1.7,18375.671875,0,0,0
1225.2546660900116,2.4,18377.3671875,0,0,0
1226.2582063674927,2.1,18374.77734375,0,0,0
1227.2616820335388,2.3,18377.9296875,0,0,0
1228.265243768692,1.5,18379.89453125,0,0,0
1229.2691085338593,2.0,18382.02734375,0,0,0
1230.2725713253021,1.6,18382.5859375,0,0,0
1231.2761874198914,2.3,18383.0546875,0,0,0
1232.2793650627136,2.0,18385.19140625,0,0,0
1233.2828454971313,1.8,18383.91015625,0,0,0
1234.286325454712,2.3,18383.7109375,0,0,0
1235.2896330356598,1.9,18382.69140625,0,0,0
1236.2930932044983,2.1,18385.36328125,0,0,0
1237.2968635559082,1.8,18384.5078125,0,0,0
1238.3004875183105,2.4,18382.5703125,0,0,0
1239.3038756847382,2.0,18379.8046875,0,0,0
1240.3070557117462,1.7,18379.55859375,0,0,0
1241.3105030059814,2.3,18380.03125,0,0,0
1242.3138558864594,1.7,18379.34375,0,0,0
1243.3177962303162,1.5,18377.32421875,0,0,0
1244.3217341899872,1.8,18376.8203125,0,0,0
1245.3257195949554,2.2,18377.6796875,0,0,0
1246.3290827274323,2.0,18377.12890625,0,0,0
1247.3326528072357,2.0,18376.5234375,0,0,0
1248.3360545635223,2.1,18375.45703125,0,0,0
1249.339254617691,2.2,18374.08984375,0,0,0
1250.3424470424652,1.9,18372.66796875,0,0,0
1251.3458817005157,2.1,18376.98046875,0,0,0
1252.3493509292603,1.9,18378.140625,0,0,0
1253.3523292541504,2.5,18378.0078125,0,0,0
1254.3558404445648,2.2,18374.91796875,0,0,0
1255.3593316078186,1.9,18375.109375,0,0,0
1256.36239695549,2.3,18374.85546875,0,0,0
1257.3655705451965,2.0,18373.3984375,0,0,0
1258.369068145752,2.9,18372.87109375,0,0,0
1259.372517824173,1.7,18374.765625,0,0,0
1260.3760089874268,2.2,18382.6640625,0,0,0
1261.3796181678772,2.0,18382.93359375,0,0,0
1262.3829743862152,1.9,18380.19140625,0,0,0
1263.3865089416504,1.7,18375.6484375,0,0,0
1264.388985157013,1.8,18380.2734375,0,0,0
1265.392408132553,1.8,18381.640625,0,0,0
1266.3956851959229,1.7,18380.0625,0,0,0
1267.3989355564117,1.7,18379.1015625,0,0,0
1268.4023790359497,1.8,18380.1640625,0,0,0
1269.4057412147522,2.1,18380.16015625,0,0,0
1270.4093327522278,1.9,18382.265625,0,0,0
1271.412882566452,2.4,18382.03515625,0,0,0
1272.4166269302368,1.6,18380.8828125,0,0,0
1273.4197850227356,2.2,18380.875,0,0,0
1274.423008441925,2.0,18381.0625,0,0,0
1275.4264912605286,1.9,18380.6484375,0,0,0
1276.4298799037933,2.5,18379.6796875,0,0,0
1277.4334273338318,1.9,18381.04296875,0,0,0
1278.437067270279,1.7,18382.58984375,0,0,0
1279.440589427948,2.2,18380.37890625,0,0,0
1280.4441199302673,2.0,18377.7265625,0,0,0
1281.4472210407257,2.3,18371.9453125,0,0,0
1282.450650691986,1.7,18371.40625,0,0,0
1283.454125881195,1.7,18372.015625,0,0,0
1284.4569940567017,2.2,18372.8984375,0,0,0
1285.4607908725739,1.8,18372.66015625,0,0,0
1286.463381767273,2.3,18372.25,0,0,0
1287.4669060707092,1.5,18375.9296875,0,0,0
1288.4702758789062,1.8,18379.30078125,0,0,0
1289.4737627506256,1.9,18381.4375,0,0,0
1290.4772899150848,1.9,18383.265625,0,0,0
1291.4807450771332,2.2,18382.9296875,0,0,0
1292.4841566085815,2.1,18381.28125,0,0,0
1293.4874286651611,1.9,18383.06640625,0,0,0
1294.4908287525177,1.8,18381.67578125,0,0,0
1295.494432926178,2.2,18383.5,0,0,0
1296.4977850914001,2.2,18383.328125,0,0,0
1297.5012981891632,1.7,18385.734375,0,0,0
1298.5044934749603,1.8,18384.46484375,0,0,0
1299.5079114437103,2.1,18382.95703125,0,0,0
1300.5110709667206,1.8,18381.921875,0,0,0
1301.5145132541656,2.2,18384.3125,0,0,0
1302.5181076526642,2.0,18384.80859375,0,0,0
1303.521889925003,2.0,18383.37109375,0,0,0
1304.5254533290863,1.6,18382.92578125,0,0,0
1305.5290412902832,1.9,18383.61328125,0,0,0
1306.532598733902,2.2,18386.2734375,0,0,0
1307.5358908176422,1.8,18387.98828125,0,0,0
1308.5390899181366,1.9,18388.87890625,0,0,0
1309.542536020279,1.9,18389.76171875,0,0,0
1310.5458824634552,1.9,18386.31640625,0,0,0
1311.548983335495,2.1,18384.046875,0,0,0
1312.5527760982513,1.8,18383.60546875,0,0,0
1313.5563826560974,2.0,18385.81640625,0,0,0
1314.5599150657654,2.8,18392.1328125,0,0,0
1315.563393354416,1.8,18390.83984375,0,0,0
1316.5667917728424,2.2,18388.41015625,0,0,0
1317.5703539848328,1.8,18386.6484375,0,0,0
1318.574188709259,2.0,18387.828125,0,0,0
1319.5780560970306,1.6,18385.4296875,0,0,0
1320.5817613601685,2.0,18386.14453125,0,0,0
1321.5850512981415,2.0,18387.3515625,0,0,0
1322.5886926651,1.9,18384.59375,0,0,0
1323.5921649932861,1.6,18383.91796875,0,0,0
1324.5953567028046,1.7,18381.0,0,0,0
1325.5988774299622,2.2,18381.28125,0,0,0
1326.6026344299316,1.8,18382.66015625,0,0,0
1327.6063182353973,1.7,18381.27734375,0,0,0
1328.6095986366272,1.9,18376.0625,0,0,0
1329.6131510734558,2.0,18376.20703125,0,0,0
1330.6165051460266,1.7,18375.42578125,0,0,0
1331.6199254989624,2.2,18374.8671875,0,0,0
1332.62309384346,2.2,18376.51171875,0,0,0
1333.6267337799072,2.1,18375.0234375,0,0,0
1334.6304988861084,3.1,18376.18359375,0,0,0
1335.634325504303,1.8,18373.74609375,0,0,0
1336.6378915309906,2.5,18375.95703125,0,0,0
1337.6414790153503,2.0,18375.609375,0,0,0
1338.6450102329254,1.5,18375.74609375,0,0,0
1339.6484668254852,2.0,18379.88671875,0,0,0
1340.6517217159271,2.1,18383.63671875,0,0,0
1341.6552748680115,2.0,18384.01171875,0,0,0
1342.658763885498,1.9,18383.9453125,0,0,0
1343.6624112129211,1.7,18385.62109375,0,0,0
1344.665796995163,2.4,18384.375,0,0,0
1345.66938996315,1.8,18382.69921875,0,0,0
1346.6726722717285,1.9,18386.48046875,0,0,0
1347.6760122776031,1.8,18384.140625,0,0,0
1348.6792178153992,1.7,18387.6875,0,0,0
1349.6826341152191,2.0,18387.1796875,0,0,0
1350.686333656311,1.7,18389.0078125,0,0,0
1351.6899180412292,2.3,18388.8984375,0,0,0
1352.6934101581573,1.8,18386.79296875,0,0,0
1353.6970789432526,2.0,18385.49609375,0,0,0
1354.700362443924,1.6,18388.37890625,0,0,0
1355.7039313316345,1.9,18388.24609375,0,0,0
1356.7074151039124,2.2,18387.3828125,0,0,0
1357.7108874320984,1.9,18385.9453125,0,0,0
1358.714418888092,1.8,18387.19140625,0,0,0
1359.7180426120758,1.9,18386.609375,0,0,0
1360.721521615982,1.8,18387.70703125,0,0,0
1361.7251234054565,1.8,18388.38671875,0,0,0
1362.7287771701813,1.8,18386.51953125,0,0,0
1363.732267856598,1.9,18387.34765625,0,0,0
1364.7357621192932,1.9,18389.1015625,0,0,0
1365.7389612197876,1.7,18388.15234375,0,0,0
1366.7424507141113,2.3,18388.578125,0,0,0
1367.745991230011,1.6,18388.00390625,0,0,0
1368.7494885921478,1.6,18389.6953125,0,0,0
1369.752981185913,2.0,18394.57421875,0,0,0
1370.7564623355865,1.7,18392.5078125,0,0,0
1371.760035276413,2.2,18394.7578125,0,0,0
1372.7639272212982,1.7,18395.58203125,0,0,0
1373.7671744823456,1.7,18397.01953125,0,0,0
1374.770693063736,2.5,18395.8671875,0,0,0
1375.7743046283722,1.5,18396.796875,0,0,0
1376.7777795791626,2.2,18393.234375,0,0,0
1377.7813847064972,1.7,18395.640625,0,0,0
1378.7848236560822,2.1,18393.5078125,0,0,0
1379.7882602214813,1.7,18393.88671875,0,0,0
1380.7917263507843,2.1,18394.08203125,0,0,0
1381.7951231002808,1.6,18394.83984375,0,0,0
1382.7987713813782,2.0,18393.05078125,0,0,0
1383.8023753166199,1.6,18388.5625,0,0,0
1384.8056282997131,2.0,18393.90625,0,0,0
1385.8092243671417,2.2,18392.9921875,0,0,0
1386.8123235702515,1.9,18389.0703125,0,0,0
1387.8155589103699,1.6,18388.5859375,0,0,0
1388.81889128685,3.2,18397.68359375,0,0,0
1389.8223612308502,2.7,18411.58203125,0,0,0
1390.8279705047607,3.8,18413.04296875,0,0,0
1391.8305852413177,2.8,18404.8984375,0,0,0
1392.8397076129913,1.9,18396.37109375,0,0,0
1393.842916727066,2.1,18397.54296875,0,0,0
1394.846374988556,1.8,18399.47265625,0,0,0
1395.8489861488342,2.4,18399.57421875,0,0,0
1396.8525111675262,1.6,18399.12890625,0,0,0
1397.8563289642334,2.2,18395.9296875,0,0,0
1398.8597195148468,1.7,18396.62109375,0,0,0
1399.8627738952637,2.3,18394.5625,0,0,0
1400.8652877807617,2.2,18396.98046875,0,0,0
1401.8686666488647,2.4,18398.03125,0,0,0
1402.8723561763763,1.7,18396.04296875,0,0,0
1403.8757636547089,1.9,18395.625,0,0,0
1404.879165172577,3.2,18396.87109375,0,0,0
1405.882658481598,2.3,18398.046875,0,0,0
1406.886062860489,2.1,18394.4921875,0,0,0
1407.8895828723907,2.4,18392.49609375,0,0,0
1408.892921924591,2.1,18395.2578125,0,0,0
1409.8963723182678,1.9,18395.9765625,0,0,0
1410.89954662323,1.8,18389.9453125,0,0,0
1411.9028313159943,2.2,18389.84375,0,0,0
1412.9061002731323,2.1,18388.92578125,0,0,0
1413.9095845222473,2.1,18389.8828125,0,0,0
1414.9129927158356,1.7,18387.44140625,0,0,0
1415.9167230129242,2.0,18384.4765625,0,0,0
1416.9201786518097,2.4,18385.5703125,0,0,0
1417.923373222351,1.8,18385.5703125,0,0,0
1418.9267389774323,1.8,18386.75,0,0,0
1419.9301879405975,1.8,18389.3046875,0,0,0
1420.9330098628998,2.2,18392.3515625,0,0,0
1421.9366209506989,1.7,18390.25,0,0,0
1422.9401638507843,2.0,18391.98828125,0,0,0
1423.9437370300293,1.8,18392.55078125,0,0,0
1424.9472513198853,1.9,18392.0703125,0,0,0
1425.9507069587708,2.2,18388.6484375,0,0,0
1426.9542458057404,1.8,18386.33203125,0,0,0
1427.9569833278656,2.3,18383.984375,0,0,0
1428.9605996608734,1.7,18386.18359375,0,0,0
1429.9641785621643,1.7,18388.5078125,0,0,0
1430.9677538871765,2.1,18387.24609375,0,0,0
1431.9712762832642,2.4,18379.6328125,0,0,0
1432.9748272895813,1.9,18380.00390625,0,0,0
1433.9783716201782,2.1,18377.5546875,0,0,0
1434.9818422794342,2.0,18374.01171875,0,0,0
1435.9852476119995,2.3,18374.515625,0,0,0
1436.9883632659912,2.0,18374.53125,0,0,0
1437.9920790195465,1.6,18376.53515625,0,0,0
1438.9959354400635,2.4,18376.5703125,0,0,0
1439.999512910843,2.1,18375.5,0,0,0
1441.0028903484344,2.1,18375.12890625,0,0,0
1442.0059897899628,2.0,18376.05078125,0,0,0
1443.0089826583862,2.2,18376.6328125,0,0,0
1444.0124607086182,1.7,18377.984375,0,0,0
1445.0156950950623,2.1,18384.15625,0,0,0
1446.019184589386,1.9,18387.23046875,0,0,0
1447.0226831436157,2.5,18382.8203125,0,0,0
1448.0263607501984,2.0,18383.3125,0,0,0
1449.02898645401,1.8,18382.69140625,0,0,0
1450.032112121582,2.4,18382.859375,0,0,0
1451.035544872284,2.1,18386.125,0,0,0
1452.0389535427094,2.4,18382.875,0,0,0
1453.0424163341522,1.9,18384.34765625,0,0,0
1454.0459203720093,2.1,18382.71484375,0,0,0
1455.04944896698,2.3,18383.36328125,0,0,0
1456.053008556366,2.1,18382.515625,0,0,0
1457.0567598342896,2.2,18381.40234375,0,0,0
1458.060363292694,2.0,18378.81640625,0,0,0
1459.0635504722595,1.8,18376.74609375,0,0,0
1460.0668473243713,2.3,18376.71484375,0,0,0
1461.070311307907,2.1,18381.984375,0,0,0
1462.0737721920013,2.1,18388.421875,0,0,0
1463.077317237854,2.8,18387.93359375,0,0,0
1464.0806913375854,1.9,18389.83984375,0,0,0
1465.0842843055725,1.7,18387.609375,0,0,0
1466.08780169487,2.5,18384.67578125,0,0,0
1467.0911321640015,1.9,18385.83984375,0,0,0
1468.0946793556213,1.9,18385.53515625,0,0,0
1469.0981755256653,1.7,18383.74609375,0,0,0
1470.1016073226929,2.2,18386.5703125,0,0,0
1471.1051630973816,1.7,18387.68359375,0,0,0
1472.108911037445,2.1,18387.328125,0,0,0
1473.112497329712,2.3,18390.52734375,0,0,0
1474.115932226181,2.1,18387.93359375,0,0,0
1475.1190085411072,2.2,18388.4140625,0,0,0
1476.1225481033325,2.0,18387.4765625,0,0,0
1477.1250689029694,2.2,18386.484375,0,0,0
1478.1285557746887,1.7,18385.55859375,0,0,0
1479.1323857307434,1.6,18387.96875,0,0,0
1480.135927438736,2.2,18388.31640625,0,0,0
1481.1392705440521,2.4,18391.15234375,0,0,0
1482.1428744792938,1.8,18390.31640625,0,0,0
1483.14617061615,1.6,18389.828125,0,0,0
1484.1496663093567,2.1,18387.21875,0,0,0
1485.152981519699,1.9,18392.54296875,0,0,0
1486.1565096378326,1.8,18392.046875,0,0,0
1487.1603934764862,1.6,18392.5078125,0,0,0
1488.1636941432953,2.1,18393.015625,0,0,0
1489.1674749851227,2.0,18391.58203125,0,0,0
1490.171061038971,2.0,18391.56640625,0,0,0
1491.1744079589844,1.8,18392.9140625,0,0,0
1492.1778829097748,2.4,18390.4921875,0,0,0
1493.1813547611237,1.8,18389.5703125,0,0,0
1494.1852452754974,2.1,18386.00390625,0,0,0
1495.1893982887268,1.7,18386.7265625,0,0,0
1496.193233013153,2.3,18382.98046875,0,0,0
1497.196632862091,2.0,18386.96875,0,0,0
1498.2001819610596,1.6,18385.953125,0,0,0
1499.2033529281616,2.2,18386.6484375,0,0,0
1500.206710577011,2.0,18384.61328125,0,0,0
1501.2101871967316,1.9,18383.625,0,0,0
1502.2133796215057,1.8,18382.66796875,0,0,0
1503.2169992923737,1.9,18385.14453125,0,0,0
1504.2207434177399,1.8,18385.13671875,0,0,0
1505.224053144455,1.8,18385.0390625,0,0,0
1506.2272624969482,1.8,18385.32421875,0,0,0
1507.230572938919,2.0,18387.87109375,0,0,0
1508.2341225147247,2.2,18385.97265625,0,0,0
1509.2375857830048,1.7,18386.171875,0,0,0
1510.2412159442902,2.0,18385.61328125,0,0,0
1511.244840145111,3.6,18421.3203125,0,0,0
1512.2485098838806,5.1,18423.0625,0,0,0
1513.2520337104797,1.7,18424.5703125,0,0,0
1514.2553861141205,1.9,18421.59375,0,0,0
1515.2588889598846,2.2,18420.98828125,0,0,0
1516.2622187137604,2.3,18424.953125,0,0,0
1517.2656610012054,1.9,18423.32421875,0,0,0
1518.2689836025238,2.1,18423.42578125,0,0,0
1519.2726557254791,19.6,19128.26953125,0,0,0
1520.2758662700653,17.2,19129.625,0,0,0
1521.2793142795563,14.0,19136.38671875,0,0,0
1522.2829558849335,13.5,19142.62109375,0,0,0
1523.2851741313934,11.7,19143.76953125,0,0,0
1524.2882823944092,12.9,19142.80859375,0,0,0
1525.2913465499878,13.5,19144.17578125,0,0,0
1526.2945456504822,15.5,19143.484375,0,0,0
1527.2975373268127,15.6,19146.87890625,0,0,0
1528.300983428955,15.6,18420.0625,0,0,0
1529.3046984672546,1.8,18415.95703125,0,0,0
1530.3083457946777,2.0,18414.875,0,0,0
1531.3117458820343,1.9,18417.33203125,0,0,0
1532.3151507377625,10.0,18366.859375,0,0,0
1533.3182725906372,11.9,18378.17578125,0,0,0
1534.3209719657898,10.0,18369.7890625,0,0,0
1535.3245904445648,8.3,18384.08203125,0,0,0
1536.3277237415314,8.1,18383.19921875,0,0,0
1537.330961227417,7.9,18381.41796875,0,0,0
1538.3344051837921,5.5,18391.23046875,0,0,0
1539.3370251655579,3.2,18388.734375,0,0,0
1540.3406345844269,1.7,18391.19921875,0,0,0
1541.3440165519714,2.2,18395.19921875,0,0,0
1542.347195148468,4.5,18391.64453125,0,0,0
1543.3506383895874,1.7,18394.03515625,0,0,0
1544.3541128635406,1.6,18392.80078125,0,0,0
1545.3569824695587,2.0,18394.42578125,0,0,0
1546.360586643219,1.9,18394.796875,0,0,0
1547.364179611206,1.6,18396.6640625,0,0,0
1548.367666721344,1.7,18398.63671875,0,0,0
1549.3711450099945,2.0,18401.36328125,0,0,0
1550.3745894432068,3.0,18395.203125,0,0,0
1551.3780102729797,2.9,18400.953125,0,0,0
1552.3809854984283,1.9,18401.85546875,0,0,0
1553.3843910694122,2.1,18403.53515625,0,0,0
1554.3875756263733,1.7,18404.17578125,0,0,0
1555.391101360321,2.0,18403.2109375,0,0,0
1556.3947412967682,2.3,18408.10546875,0,0,0
1557.3983218669891,2.3,18410.70703125,0,0,0
1558.400983095169,1.6,18411.44921875,0,0,0
1559.404433965683,1.9,18415.3203125,0,0,0
1560.4078936576843,2.0,18415.7109375,0,0,0
1561.4110689163208,1.9,18415.91015625,0,0,0
1562.4145019054413,1.8,18417.1484375,0,0,0
1563.4181849956512,1.6,18419.15234375,0,0,0
1564.421225309372,1.9,18419.609375,0,0,0
1565.4247884750366,1.8,18418.50390625,0,0,0
1566.4283094406128,1.8,18419.3984375,0,0,0
1567.4317593574524,1.8,18419.58984375,0,0,0
1568.4352221488953,2.2,18417.55859375,0,0,0
1569.4386966228485,1.7,18417.6328125,0,0,0
1570.4421503543854,2.0,18417.01171875,0,0,0
1571.445648908615,1.8,18424.015625,0,0,0
1572.4491562843323,2.5,18426.078125,0,0,0
1573.4525084495544,1.8,18426.58203125,0,0,0
1574.4559721946716,1.7,18425.77734375,0,0,0
1575.4590413570404,2.2,18425.08984375,0,0,0
1576.4625098705292,2.1,18424.73828125,0,0,0
1577.4650752544403,2.1,18425.98046875,0,0,0
1578.4685580730438,1.6,18424.4375,0,0,0
1579.4720647335052,2.3,18423.52734375,0,0,0
1580.4750978946686,2.0,18424.51171875,0,0,0
1581.478684425354,2.1,18431.21484375,0,0,0
1582.4821236133575,1.5,18429.8828125,0,0,0
1583.4856822490692,2.1,18426.7734375,0,0,0
1584.4891774654388,2.0,18426.1640625,0,0,0
1585.4926416873932,1.7,18427.359375,0,0,0
1586.496088027954,2.3,18429.1953125,0,0,0
1587.4993929862976,2.1,18429.39453125,0,0,0
1588.5027709007263,1.9,18431.04296875,0,0,0
1589.5063626766205,1.6,18431.3046875,0,0,0
1590.5089859962463,1.8,18431.21875,0,0,0
1591.5122532844543,2.1,18432.1953125,0,0,0
1592.5156304836273,2.2,18433.91015625,0,0,0
1593.5189278125763,1.8,18434.34375,0,0,0
1594.5223803520203,1.6,18433.03125,0,0,0
1595.5258522033691,3.8,18472.11328125,0,0,0
1596.529756784439,1.9,18470.40234375,0,0,0
1597.533297777176,2.1,18473.3515625,0,0,0
1598.5367195606232,1.8,18471.3359375,0,0,0
1599.5403800010681,2.1,18471.41796875,0,0,0
1600.5436384677887,1.7,18471.66796875,0,0,0
1601.5471363067627,2.3,18470.78125,0,0,0
1602.5506274700165,1.7,18469.6875,0,0,0
1603.5541043281555,3.3,18442.11328125,0,0,0
1604.5575726032257,2.2,18437.6015625,0,0,0
1605.5611057281494,2.4,18440.90234375,0,0,0
1606.5648131370544,2.1,18441.546875,0,0,0
1607.5684885978699,2.1,18443.9375,0,0,0
1608.571656703949,1.6,18443.453125,0,0,0
1609.5750155448914,2.1,18439.765625,0,0,0
1610.5784802436829,1.7,18438.97265625,0,0,0
1611.5823152065277,2.3,18446.18359375,0,0,0
1612.5858805179596,1.9,18443.64453125,0,0,0
1613.589339017868,1.9,18444.6328125,0,0,0
1614.5928974151611,2.0,18440.30078125,0,0,0
1615.5962898731232,1.9,18437.828125,0,0,0
1616.5993378162384,2.5,18438.33984375,0,0,0
1617.6027958393097,2.0,18439.86328125,0,0,0
1618.6061987876892,1.7,18440.421875,0,0,0
1619.6094126701355,1.7,18441.11328125,0,0,0
1620.613111257553,1.8,18442.859375,0,0,0
1621.6165192127228,3.2,18441.625,0,0,0
1622.6201100349426,1.6,18441.84375,0,0,0
1623.6233689785004,1.9,18439.97265625,0,0,0
1624.6266596317291,1.5,18439.3203125,0,0,0
1625.6301243305206,2.2,18439.453125,0,0,0
1626.6334836483002,1.6,18439.609375,0,0,0
1627.636966228485,1.8,18437.84375,0,0,0
1628.6407024860382,1.7,18442.73828125,0,0,0
1629.6447207927704,2.0,18445.71484375,0,0,0
1630.6483635902405,1.7,18444.96484375,0,0,0
1631.6518309116364,2.3,18441.77734375,0,0,0
1632.6551995277405,2.2,18440.05859375,0,0,0
1633.658751964569,2.1,18438.43359375,0,0,0
1634.6622426509857,1.6,18439.1640625,0,0,0
1635.6659870147705,2.0,18440.140625,0,0,0
1636.6695470809937,2.0,18441.90234375,0,0,0
1637.6733565330505,1.9,18438.90234375,0,0,0
1638.676920413971,1.6,18439.5703125,0,0,0
1639.680585384369,2.1,18440.51953125,0,0,0
1640.6839275360107,2.1,18437.1015625,0,0,0
1641.6873638629913,2.2,18435.97265625,0,0,0
1642.6908729076385,1.6,18436.640625,0,0,0
1643.694341659546,1.7,18437.859375,0,0,0
1644.697858095169,2.3,18439.453125,0,0,0
1645.7012238502502,1.7,18439.69140625,0,0,0
1646.7046012878418,2.1,18442.6171875,0,0,0
1647.708179473877,1.6,18439.9375,0,0,0
1648.7113761901855,2.0,18441.08203125,0,0,0
1649.7148265838623,2.0,18438.390625,0,0,0
1650.7182352542877,1.9,18442.20703125,0,0,0
1651.7210080623627,2.2,18442.70703125,0,0,0
1652.724591255188,2.3,18441.078125,0,0,0
1653.72820520401,1.9,18437.6640625,0,0,0
1654.7316122055054,2.3,18439.0234375,0,0,0
1655.7351944446564,2.0,18437.796875,0,0,0
1656.7388095855713,2.4,18438.87109375,0,0,0
1657.7421176433563,1.8,18439.1484375,0,0,0
1658.7449862957,1.6,18438.53515625,0,0,0
1659.7484316825867,2.0,18437.265625,0,0,0
1660.7516911029816,1.6,18437.7734375,0,0,0
1661.755044221878,2.2,18438.453125,0,0,0
1662.7586374282837,1.5,18436.2734375,0,0,0
1663.7623481750488,2.2,18438.56640625,0,0,0
1664.765780210495,1.9,18440.6875,0,0,0
1665.7693338394165,2.0,18439.69140625,0,0,0
1666.77272605896,2.0,18438.5625,0,0,0
1667.7762551307678,2.4,18440.26171875,0,0,0
1668.7799108028412,1.6,18439.63671875,0,0,0
1669.783231496811,1.8,18438.265625,0,0,0
1670.786729335785,1.8,18437.17578125,0,0,0
1671.7904465198517,2.4,18442.640625,0,0,0
1672.793877363205,1.8,18442.5703125,0,0,0
1673.7973363399506,2.2,18439.21875,0,0,0
1674.8005232810974,2.1,18440.36328125,0,0,0
1675.8041949272156,1.9,18440.94140625,0,0,0
1676.8077187538147,2.1,18441.08984375,0,0,0
1677.8113930225372,1.9,18441.73046875,0,0,0
1678.8149058818817,1.9,18442.81640625,0,0,0
1679.8185288906097,2.6,18442.125,0,0,0
1680.8209898471832,1.8,18442.96875,0,0,0
1681.824194431305,2.2,18441.30078125,0,0,0
1682.82741689682,1.9,18442.984375,0,0,0
1683.830727338791,1.9,18443.90234375,0,0,0
1684.8341464996338,1.8,18445.46875,0,0,0
1685.8379378318787,2.0,18446.0859375,0,0,0
1686.8415536880493,1.9,18448.453125,0,0,0
1687.844419002533,1.9,18446.68359375,0,0,0
1688.8481204509735,1.9,18450.109375,0,0,0
1689.8514733314514,3.9,18456.08984375,0,0,0
1690.8541474342346,1.6,18450.73828125,0,0,0
1691.8567860126495,1.8,18437.0234375,0,0,0
1692.8602542877197,1.9,18434.48046875,0,0,0
1693.8635895252228,2.0,18434.75,0,0,0
1694.8669257164001,2.1,18429.78125,0,0,0
1695.870624780655,2.1,18431.8046875,0,0,0
1696.8743789196014,2.1,18431.54296875,0,0,0
1697.8778421878815,1.9,18433.4609375,0,0,0
1698.8813111782074,1.6,18433.2421875,0,0,0
1699.8847880363464,2.1,18433.4453125,0,0,0
1700.8882367610931,2.2,18434.73046875,0,0,0
1701.89133810997,3.1,18435.1796875,0,0,0
1702.8947591781616,2.1,18431.9140625,0,0,0
1703.898048877716,1.6,18434.51953125,0,0,0
1704.9016149044037,1.5,18435.98046875,0,0,0
1705.905327796936,2.3,18434.28515625,0,0,0
1706.9088842868805,1.7,18435.41015625,0,0,0
1707.9124083518982,1.5,18435.7109375,0,0,0
1708.9158565998077,2.3,18438.11328125,0,0,0
1709.919160604477,1.8,18432.1875,0,0,0
1710.9226803779602,2.0,18433.60546875,0,0,0
1711.9262790679932,2.2,18435.89453125,0,0,0
1712.9299011230469,2.4,18436.8984375,0,0,0
1713.9334831237793,1.8,18436.65234375,0,0,0
1714.9370844364166,1.9,18437.1640625,0,0,0
1715.940542459488,1.9,18441.76171875,0,0,0
1716.9444108009338,2.2,18442.52734375,0,0,0
1717.9476702213287,1.7,18441.4609375,0,0,0
1718.9514565467834,1.7,18441.01171875,0,0,0
1719.9550561904907,2.0,18441.58203125,0,0,0
1720.9585349559784,2.5,18441.67578125,0,0,0
1721.9622693061829,1.9,18439.38671875,0,0,0
1722.9650673866272,1.5,18440.26171875,0,0,0
1723.9685332775116,2.0,18440.984375,0,0,0
1724.9720017910004,1.7,18439.76953125,0,0,0
1725.9751744270325,2.1,18439.609375,0,0,0
1726.9788813591003,1.8,18440.51171875,0,0,0
1727.982679605484,2.1,18436.51171875,0,0,0
1728.986267566681,1.8,18435.8671875,0,0,0
1729.9895536899567,2.2,18430.1796875,0,0,0
1730.9928257465363,1.7,18429.05859375,0,0,0
1731.9960224628448,2.6,18429.64453125,0,0,0
1732.9994897842407,1.8,18429.37109375,0,0,0
1734.002938747406,1.9,18426.15234375,0,0,0
1735.006650686264,2.1,18426.87890625,0,0,0
1736.0099847316742,2.2,18426.890625,0,0,0
1737.01358628273,2.2,18428.74609375,0,0,0
1738.0169808864594,1.7,18426.94140625,0,0,0
1739.0200760364532,2.1,18428.47265625,0,0,0
1740.0232734680176,1.9,18430.484375,0,0,0
1741.0267171859741,1.8,18428.3671875,0,0,0
1742.0300574302673,1.7,18426.62890625,0,0,0
1743.0340292453766,2.4,18427.62890625,0,0,0
1744.0370104312897,1.9,18426.53125,0,0,0
1745.0408310890198,2.2,18427.0546875,0,0,0
1746.0443949699402,2.0,18430.1015625,0,0,0
1747.047623872757,2.5,18425.69921875,0,0,0
1748.051032781601,1.7,18424.578125,0,0,0
1749.054321527481,2.1,18424.2265625,0,0,0
1750.0577447414398,1.7,18427.80859375,0,0,0
1751.0613448619843,2.8,18427.64453125,0,0,0
1752.0649077892303,2.1,18428.39453125,0,0,0
1753.068447113037,1.7,18428.22265625,0,0,0
1754.0718460083008,2.2,18425.703125,0,0,0
1755.0753190517426,2.1,18430.47265625,0,0,0
1756.0785722732544,1.7,18427.35546875,0,0,0
1757.0819971561432,2.1,18429.34375,0,0,0
1758.0853476524353,1.7,18430.109375,0,0,0
1759.0886974334717,1.7,18429.1875,0,0,0
1760.0924108028412,2.2,18429.44140625,0,0,0
1761.0957763195038,1.8,18429.9375,0,0,0
1762.0993700027466,2.3,18428.73046875,0,0,0
1763.102944612503,1.7,18428.26171875,0,0,0
1764.106362104416,1.8,18431.71484375,0,0,0
1765.1089828014374,1.6,18432.38671875,0,0,0
1766.1124467849731,2.4,18432.19921875,0,0,0
1767.1159505844116,3.1,18429.2265625,0,0,0
1768.119520664215,1.6,18429.1875,0,0,0
1769.1232120990753,1.9,18427.44921875,0,0,0
1770.1267886161804,1.7,18427.0234375,0,0,0
1771.130417585373,1.8,18426.16015625,0,0,0
1772.132982969284,2.3,18424.13671875,0,0,0
1773.1364498138428,1.7,18425.30859375,0,0,0
1774.1399161815643,2.1,18424.85546875,0,0,0
1775.143373966217,2.0,18426.078125,0,0,0
1776.1468389034271,1.7,18424.07421875,0,0,0
1777.150241613388,2.3,18426.62109375,0,0,0
1778.1541204452515,1.8,18427.58203125,0,0,0
1779.157621383667,1.4,18427.34765625,0,0,0
1780.1609587669373,1.8,18425.1171875,0,0,0
1781.1642878055573,2.1,18423.328125,0,0,0
1782.1683912277222,2.2,18419.890625,0,0,0
1783.1713471412659,1.5,18419.390625,0,0,0
1784.175140619278,1.6,18417.58984375,0,0,0
1785.178739786148,2.5,18420.14453125,0,0,0
1786.1824345588684,1.6,18420.1328125,0,0,0
1787.1858575344086,1.7,18418.65234375,0,0,0
1788.1891467571259,1.8,18418.109375,0,0,0
1789.1925086975098,1.7,18416.53125,0,0,0
1790.1959762573242,1.8,18420.34765625,0,0,0
1791.1994087696075,2.0,18416.703125,0,0,0
1792.2028970718384,1.9,18417.0703125,0,0,0
1793.2065041065216,2.3,18416.859375,0,0,0
1794.2102026939392,1.6,18414.28515625,0,0,0
1795.213618516922,1.8,18414.7265625,0,0,0
1796.2172558307648,2.2,18415.71484375,0,0,0
1797.2207217216492,1.8,18414.69140625,0,0,0
1798.2242143154144,1.8,18414.52734375,0,0,0
1799.2273886203766,1.7,18414.70703125,0,0,0
1800.2308893203735,2.1,18416.27734375,0,0,0
1801.2343435287476,2.2,18416.85546875,0,0,0
1802.238018989563,1.7,18417.69140625,0,0,0
1803.2418479919434,1.6,18419.0859375,0,0,0
1804.2451086044312,2.2,18419.28125,0,0,0
1805.248417377472,1.8,18420.1640625,0,0,0
1806.2511608600616,2.0,18419.5625,0,0,0
1807.2546739578247,1.8,18419.91015625,0,0,0
1808.258070230484,2.1,18422.95703125,0,0,0
1809.261756658554,1.8,18427.71875,0,0,0
1810.2649865150452,1.7,18428.22265625,0,0,0
1811.2685623168945,1.8,18428.484375,0,0,0
1812.2723066806793,2.2,18429.30078125,0,0,0
1813.2757322788239,2.1,18429.2578125,0,0,0
1814.279145002365,1.7,18429.22265625,0,0,0
1815.2825841903687,2.4,18427.94921875,0,0,0
1816.2850608825684,2.1,18424.92578125,0,0,0
1817.288426399231,2.0,18426.28125,0,0,0
1818.2920887470245,1.7,18423.26171875,0,0,0
1819.2955713272095,2.1,18425.94921875,0,0,0
1820.2990334033966,2.2,18429.6796875,0,0,0
1821.302443265915,3.8,18435.68359375,0,0,0
1822.304982662201,2.0,18441.30859375,0,0,0
1823.3084650039673,2.0,18442.1640625,0,0,0
1824.3119468688965,2.0,18437.94140625,0,0,0
1825.3155810832977,1.8,18439.05078125,0,0,0
1826.3193411827087,2.0,18438.91796875,0,0,0
1827.322928905487,2.4,18442.85546875,0,0,0
1828.3264689445496,2.4,18443.875,0,0,0
1829.3289892673492,1.8,18444.68359375,0,0,0
1830.3324604034424,4.4,18418.1796875,0,0,0
1831.335904598236,1.9,18421.3203125,0,0,0
1832.3393609523773,2.2,18419.0546875,0,0,0
1833.342980146408,2.1,18418.5546875,0,0,0
1834.346580028534,1.9,18418.88671875,0,0,0
1835.3501102924347,2.0,18418.05859375,0,0,0
1836.3536913394928,2.2,18421.4609375,0,0,0
1837.3574678897858,1.7,18419.93359375,0,0,0
1838.3608758449554,2.2,18418.99609375,0,0,0
1839.3644013404846,1.8,18417.04296875,0,0,0
1840.3681998252869,2.1,18417.1640625,0,0,0
1841.3714649677277,1.9,18417.55078125,0,0,0
1842.374945640564,2.2,18420.1640625,0,0,0
1843.3782758712769,1.7,18417.88671875,0,0,0
1844.3820044994354,1.7,18415.39453125,0,0,0
1845.385405778885,2.0,18415.10546875,0,0,0
1846.388887643814,2.1,18418.20703125,0,0,0
1847.392308473587,2.4,18417.8359375,0,0,0
1848.395518541336,1.6,18415.34765625,0,0,0
1849.3991985321045,2.0,18416.63671875,0,0,0
1850.4027655124664,1.9,18418.12109375,0,0,0
1851.406350851059,2.0,18420.41796875,0,0,0
1852.4099009037018,1.8,18420.3984375,0,0,0
1853.4132494926453,2.2,18424.98828125,0,0,0
1854.4167602062225,1.7,18422.1640625,0,0,0
1855.4201927185059,1.7,18422.86328125,0,0,0
1856.4238996505737,2.2,18423.07421875,0,0,0
1857.4271478652954,2.3,18424.41015625,0,0,0
1858.4308207035065,1.6,18420.78515625,0,0,0
1859.4345955848694,1.5,18420.48046875,0,0,0
1860.438256263733,1.9,18423.68359375,0,0,0
1861.4416453838348,2.0,18424.39453125,0,0,0
1862.444920539856,1.7,18423.80859375,0,0,0
1863.4483888149261,2.0,18424.7109375,0,0,0
1864.451800107956,1.8,18427.234375,0,0,0
1865.4553468227386,2.1,18427.65625,0,0,0
1866.4590275287628,2.0,18425.65625,0,0,0
1867.4625277519226,1.9,18427.0078125,0,0,0
1868.4660303592682,1.9,18425.09765625,0,0,0
1869.469229221344,2.0,18419.97265625,0,0,0
1870.472736120224,1.5,18418.3828125,0,0,0
1871.4761967658997,2.1,18419.73828125,0,0,0
1872.479437828064,2.1,18425.5859375,0,0,0
1873.482848405838,2.2,18429.6328125,0,0,0
1874.4863216876984,1.7,18427.74609375,0,0,0
1875.4898536205292,1.9,18428.92578125,0,0,0
1876.4929826259613,2.4,18427.15625,0,0,0
1877.4965057373047,1.8,18428.26171875,0,0,0
1878.499967098236,1.7,18427.71484375,0,0,0
1879.5033359527588,2.1,18431.00390625,0,0,0
1880.5068418979645,2.0,18429.98046875,0,0,0
1881.5105891227722,2.3,18431.640625,0,0,0
1882.5141670703888,1.8,18431.7890625,0,0,0
1883.517579317093,1.7,18433.66015625,0,0,0
1884.520988702774,2.4,18432.62109375,0,0,0
1885.5245459079742,1.6,18431.82421875,0,0,0
1886.528335571289,2.0,18428.8515625,0,0,0
1887.5316290855408,2.3,18431.53515625,0,0,0
1888.534880399704,1.8,18433.15234375,0,0,0
1889.5384650230408,5.3,18445.7265625,0,0,0
1890.5476067066193,2.8,18455.79296875,0,0,0
1891.5505673885345,2.3,18454.5078125,0,0,0
1892.5531203746796,2.0,18451.671875,0,0,0
1893.5565717220306,2.0,18450.6796875,0,0,0
1894.5600533485413,2.1,18448.67578125,0,0,0
1895.563470840454,2.0,18451.6328125,0,0,0
1896.56689620018,1.9,18454.93359375,0,0,0
1897.5706987380981,2.0,18453.66015625,0,0,0
1898.574190378189,1.8,18451.1875,0,0,0
1899.5777380466461,1.9,18458.01171875,0,0,0
1900.5811476707458,2.2,18453.74609375,0,0,0
1901.584608078003,1.8,18454.78515625,0,0,0
1902.5880975723267,2.7,18453.95703125,0,0,0
1903.5913259983063,1.5,18455.859375,0,0,0
1904.593840122223,2.0,18456.34375,0,0,0
1905.597326517105,1.9,18455.9453125,0,0,0
1906.6007494926453,2.0,18459.91015625,0,0,0
1907.604271888733,1.9,18460.2421875,0,0,0
1908.6074407100677,1.6,18458.70703125,0,0,0
1909.6109087467194,1.8,18461.8828125,0,0,0
1910.6130771636963,1.9,18454.296875,0,0,0
1911.6165421009064,3.3,18464.0234375,0,0,0
1912.620078086853,2.0,18463.6171875,0,0,0
1913.6234233379364,2.2,18464.63671875,0,0,0
1914.6270697116852,2.0,18465.4765625,0,0,0
1915.6305665969849,1.7,18465.51953125,0,0,0
1916.6341767311096,2.2,18462.609375,0,0,0
1917.6369848251343,2.1,18463.171875,0,0,0
1918.6404101848602,1.7,18463.44140625,0,0,0
1919.6438689231873,1.6,18464.87109375,0,0,0
1920.6470363140106,2.0,18462.6484375,0,0,0
1921.650517463684,2.5,18464.07421875,0,0,0
1922.654019355774,1.6,18462.2421875,0,0,0
1923.6573417186737,1.6,18462.62890625,0,0,0
1924.660784959793,2.0,18462.66015625,0,0,0
1925.6643543243408,2.1,18463.73046875,0,0,0
1926.66774892807,1.9,18461.0234375,0,0,0
1927.6709733009338,1.5,18459.5625,0,0,0
1928.6744277477264,1.9,18460.53515625,0,0,0
1929.6778857707977,1.8,18460.56640625,0,0,0
1930.6813468933105,1.5,18461.23828125,0,0,0
1931.6849596500397,2.3,18460.578125,0,0,0
1932.6885721683502,1.7,18458.6640625,0,0,0
1933.6921999454498,2.5,18471.02734375,0,0,0
1934.6956832408905,2.1,18463.6875,0,0,0
1935.6989307403564,2.1,18469.84375,0,0,0
1936.7024309635162,2.3,18472.0078125,0,0,0
1937.706148147583,1.7,18470.265625,0,0,0
1938.7096898555756,2.1,18472.9140625,0,0,0
1939.7130455970764,1.7,18474.99609375,0,0,0
1940.716558456421,1.9,18475.1953125,0,0,0
1941.720205783844,2.2,18472.14453125,0,0,0
1942.7236063480377,1.6,18469.5859375,0,0,0
1943.726865530014,1.6,18467.35546875,0,0,0
1944.7303259372711,2.0,18470.515625,0,0,0
1945.7338299751282,1.6,18470.15234375,0,0,0
1946.7377352714539,2.3,18469.7265625,0,0,0
1947.7414259910583,1.7,18467.03125,0,0,0
1948.7449359893799,2.2,18462.53125,0,0,0
1949.7481801509857,1.7,18458.38671875,0,0,0
1950.7515244483948,1.4,18456.82421875,0,0,0
1951.7550070285797,2.1,18457.6171875,0,0,0
1952.7584800720215,2.0,18450.2109375,0,0,0
1953.761750459671,2.3,18450.49609375,0,0,0
1954.7649912834167,1.7,18452.91015625,0,0,0
1955.7685997486115,1.9,18453.109375,0,0,0
1956.7721717357635,2.1,18455.859375,0,0,0
1957.7756831645966,1.5,18457.5078125,0,0,0
1958.7789797782898,2.1,18456.37109375,0,0,0
1959.7824325561523,1.7,18457.00390625,0,0,0
1960.7858238220215,1.7,18456.390625,0,0,0
1961.7893300056458,1.8,18456.609375,0,0,0
1962.792908668518,1.9,18457.046875,0,0,0
1963.7965068817139,1.8,18457.72265625,0,0,0
1964.799976825714,1.9,18455.45703125,0,0,0
1965.8034915924072,1.7,18454.93359375,0,0,0
1966.8067755699158,2.0,18456.97265625,0,0,0
1967.8102309703827,1.6,18459.6484375,0,0,0
1968.8136932849884,2.1,18457.9921875,0,0,0
1969.8172008991241,1.6,18456.70703125,0,0,0
1970.8208708763123,2.0,18455.05859375,0,0,0
1971.8243198394775,2.3,18458.59375,0,0,0
1972.8276135921478,2.2,18459.47265625,0,0,0
1973.8311796188354,1.9,18458.296875,0,0,0
1974.834612607956,2.0,18460.21875,0,0,0
1975.8381152153015,2.1,18459.7421875,0,0,0
1976.8418231010437,2.3,18456.57421875,0,0,0
1977.8453342914581,2.3,18456.60546875,0,0,0
1978.848863363266,3.3,18457.9453125,0,0,0
1979.852371931076,1.9,18460.62109375,0,0,0
1980.855609178543,1.8,18457.3125,0,0,0
1981.8592596054077,2.2,18457.56640625,0,0,0
1982.8620264530182,2.1,18458.66015625,0,0,0
1983.864989042282,1.6,18458.41796875,0,0,0
1984.8684310913086,2.0,18456.7578125,0,0,0
1985.871902704239,1.7,18456.9140625,0,0,0
1986.8754434585571,2.0,18462.61328125,0,0,0
1987.8789627552032,2.0,18462.3125,0,0,0
1988.8824832439423,1.9,18466.44140625,0,0,0
1989.8859605789185,3.2,18481.02734375,0,0,0
1990.8886559009552,2.0,18466.78125,0,0,0
1991.8919003009796,2.3,18466.5703125,0,0,0
1992.8950996398926,2.1,18465.7578125,0,0,0
1993.8985357284546,2.0,18464.46484375,0,0,0
1994.9009823799133,4.1,18467.52734375,0,0,0
1995.904748916626,12.1,18580.18359375,0,0,0
1996.908178806305,5.1,18701.375,0,0,0
1997.9115300178528,1.8,18703.89453125,0,0,0
1998.9147968292236,1.9,18705.921875,0,0,0
1999.9180719852448,2.4,18707.60546875,0,0,0
2000.9216132164001,2.1,18709.57421875,0,0,0
2001.9250910282135,2.4,18707.33203125,0,0,0
2002.928570508957,1.5,18703.5703125,0,0,0
2003.932309627533,1.7,18707.6484375,0,0,0
2004.9356400966644,2.0,18704.4765625,0,0,0
2005.938945055008,1.8,18704.24609375,0,0,0
2006.9425103664398,2.2,18701.36328125,0,0,0
2007.9460265636444,1.7,18700.78515625,0,0,0
2008.9493100643158,2.0,18703.3671875,0,0,0
2009.9527430534363,1.7,18704.07421875,0,0,0
2010.9561953544617,1.9,18705.45703125,0,0,0
2011.9593796730042,3.1,18543.12890625,0,0,0
2012.9627940654755,3.3,18496.20703125,0,0,0
2013.9662206172943,2.8,18476.58203125,0,0,0
2014.969622373581,1.6,18479.484375,0,0,0
2015.9733164310455,2.1,18479.7109375,0,0,0
2016.9768044948578,2.4,18477.68359375,0,0,0
2017.980288028717,1.6,18479.5703125,0,0,0
2018.9835810661316,1.7,18482.9609375,0,0,0
2019.987057209015,1.9,18483.171875,0,0,0
2020.9905943870544,2.2,18480.69921875,0,0,0
2021.9943914413452,1.8,18478.9375,0,0,0
2022.9972212314606,2.7,18488.8984375,0,0,0
2024.0007832050323,12.0,18587.3046875,0,0,0
2025.0041601657867,6.3,18709.1015625,0,0,0
2026.007583618164,2.4,18717.03125,0,0,0
2027.011028289795,1.8,18719.93359375,0,0,0
2028.014484167099,2.1,18719.44140625,0,0,0
2029.0169858932495,1.8,18719.16796875,0,0,0
2030.020520210266,2.2,18721.265625,0,0,0
2031.023616552353,1.6,18723.5234375,0,0,0
2032.0270295143127,2.6,18733.25,0,0,0
2033.030645608902,3.1,18693.98828125,0,0,0
2034.0341215133667,2.8,18690.22265625,0,0,0
2035.0375504493713,2.2,18690.8984375,0,0,0
2036.0409853458405,2.2,18693.609375,0,0,0
2037.0444512367249,3.1,18697.30859375,0,0,0
2038.0480284690857,1.6,18695.546875,0,0,0
2039.0513696670532,2.4,18699.83984375,0,0,0
2040.0546715259552,3.1,18711.78515625,0,0,0
2041.0582928657532,3.4,18717.33984375,0,0,0
2042.061693429947,1.8,18719.484375,0,0,0
2043.0649840831757,2.1,18715.3828125,0,0,0
2044.0684711933136,1.7,18714.54296875,0,0,0
2045.0716762542725,1.8,18712.375,0,0,0
2046.0753989219666,1.7,18711.75390625,0,0,0
2047.0790190696716,1.8,18711.48046875,0,0,0
2048.0825159549713,4.2,18509.9453125,0,0,0
2049.086220741272,2.7,18507.5703125,0,0,0
2050.0897164344788,2.0,18508.19140625,0,0,0
2051.092985391617,2.0,18513.69140625,0,0,0
2052.096703529358,2.4,18511.5546875,0,0,0
2053.100472688675,1.9,18510.6328125,0,0,0
2054.1041388511658,1.7,18509.58203125,0,0,0
2055.1073744297028,2.5,18515.9765625,0,0,0
2056.110874891281,2.0,18525.83203125,0,0,0
2057.113654613495,3.1,18498.65234375,0,0,0
2058.116263628006,2.5,18479.11328125,0,0,0
2059.1189153194427,2.3,18473.21484375,0,0,0
2060.121198654175,1.8,18470.4609375,0,0,0
2061.1395058631897,2.1,18469.39453125,0,0,0
2062.1421575546265,2.1,18467.58984375,0,0,0
2063.1448414325714,2.1,18464.96484375,0,0,0
2064.1519107818604,1.6,18460.703125,0,0,0
2065.1545984745026,1.8,18459.15625,0,0,0
2066.157375097275,2.2,18457.484375,0,0,0
2067.160829782486,2.3,18461.26171875,0,0,0
2068.164349794388,1.7,18463.9140625,0,0,0
2069.167800426483,2.2,18464.35546875,0,0,0
2070.1709649562836,2.0,18465.6328125,0,0,0
